conf,matched_queries,title,citation_count,abstract,categories,concepts,code_url,pdf_url,authors,doi
IJCV2025,,Towards Training-Free Open-World Segmentation via Image Prompt Foundation Models.,-1,,,,,,"Lv Tang,Peng-Tao Jiang,Haoke Xiao,Bo Li",
IJCV2025,,UPR-Net: A Unified Pyramid Recurrent Network for Video Frame Interpolation.,-1,,,,,,"Xin Jin,Longhai Wu,Jie Chen,Youxin Chen,Jayoon Koo,Cheul-Hee Hahm,Zhao-Min Chen",
IJCV2025,,A Comprehensive Survey on Test-Time Adaptation Under Distribution Shifts.,-1,,,,,,"Jian Liang,Ran He,Tieniu Tan",
IJCV2025,,Incremental Model Enhancement via Memory-based Contrastive Learning.,-1,,,,,,"Shiyu Xuan,Ming Yang,Shiliang Zhang",
IJCV2025,,Learning Dynamic Batch-Graph Representation for Deep Representation Learning.,-1,,,,,,"Xixi Wang,Bo Jiang,Xiao Wang,Bin Luo",
IJCV2025,,Continuous Spatial-Spectral Reconstruction via Implicit Neural Representation.,-1,,,,,,"Ruikang Xu,Mingde Yao,Chang Chen,Lizhi Wang,Zhiwei Xiong",
IJCV2025,,Learning Combinatorial Prompts for Universal Controllable Image Captioning.,-1,,,,,,"Zhen Wang,Jun Xiao,Yueting Zhuang,Fei Gao,Jian Shao,Long Chen",
IJCV2025,,FADE: A Task-Agnostic Upsampling Operator for Encoder-Decoder Architectures.,-1,,,,,,"Hao Lu,Wenze Liu,Hongtao Fu,Zhiguo Cao",
IJCV2025,,SRConvNet: A Transformer-Style ConvNet for Lightweight Image Super-Resolution.,-1,,,,,,"Feng Li,Runmin Cong,Jingjing Wu,Huihui Bai,Meng Wang,Yao Zhao",
IJCV2025,,Deep Unrolled Weighted Graph Laplacian Regularization for Depth Completion.,-1,,,,,,"Jin Zeng,Qingpeng Zhu,Tongxuan Tian,Wenxiu Sun,Lin Zhang,Shengjie Zhao",
IJCV2025,,Top-K Pairwise Ranking: Bridging the Gap Among Ranking-Based Measures for Multi-label Classification.,-1,,,,,,"Zitai Wang,Qianqian Xu,Zhiyong Yang,Peisong Wen,Yuan He,Xiaochun Cao,Qingming Huang",
IJCV2025,,ESceme: Vision-and-Language Navigation with Episodic Scene Memory.,-1,,,,,,"Qi Zheng,Daqing Liu,Chaoyue Wang,Jing Zhang,Dadong Wang,Dacheng Tao",
IJCV2025,,Position-Guided Point Cloud Panoptic Segmentation Transformer.,-1,,,,,,"Zeqi Xiao,Wenwei Zhang,Tai Wang,Chen Change Loy,Dahua Lin,Jiangmiao Pang",
IJCV2025,,Learning Rate Curriculum.,-1,,,,,,"Florinel-Alin Croitoru,Nicolae-Catalin Ristea,Radu Tudor Ionescu,Nicu Sebe",
IJCV2025,,Knowledge Distillation Meets Open-Set Semi-supervised Learning.,-1,,,,,,"Jing Yang,Xiatian Zhu,Adrian Bulat,Brais Martínez,Georgios Tzimiropoulos",
IJCV2025,,Kill Two Birds with One Stone: Domain Generalization for Semantic Segmentation via Network Pruning.,-1,,,,,,"Yawei Luo,Ping Liu,Yi Yang",
IJCV2025,,Face3DAdv: Exploiting Robust Adversarial 3D Patches on Physical Face Recognition.,-1,,,,,,"Xiao Yang,Longlong Xu,Tianyu Pang,Yinpeng Dong,Yikai Wang,Hang Su,Jun Zhu",
IJCV2025,,Equiangular Basis Vectors: A Novel Paradigm for Classification Tasks.,-1,,,,,,"Yang Shen,Xuhao Sun,Xiu-Shen Wei,Anqi Xu,Lingyan Gao",
IJCV2025,,Video Instance Segmentation in an Open-World.,-1,,,,,,"Omkar Thawakar,Sanath Narayan,Hisham Cholakkal,Rao Muhammad Anwer,Salman H. Khan,Jorma Laaksonen,Mubarak Shah,Fahad Shahbaz Khan",
IJCV2025,,Bridging the Source-to-Target Gap for Cross-Domain Person Re-identification with Intermediate Domains.,-1,,,,,,"Yongxing Dai,Yifan Sun,Jun Liu,Zekun Tong,Ling-Yu Duan",
IJCV2025,,Compressed Event Sensing (CES) Volumes for Event Cameras.,-1,,,,,,"Songnan Lin,Ye Ma,Jing Chen,Bihan Wen",
IJCV2025,,Winning Prize Comes from Losing Tickets: Improve Invariant Learning by Exploring Variant Parameters for Out-of-Distribution Generalization.,-1,,,,,,"Zhuo Huang,Muyang Li,Li Shen,Jun Yu,Chen Gong,Bo Han,Tongliang Liu",
IJCV2025,,Triplane-Smoothed Video Dehazing with CLIP-Enhanced Generalization.,-1,,,,,,"Jingjing Ren,Haoyu Chen,Tian Ye,Hongtao Wu,Lei Zhu",
IJCV2025,,From Easy to Hard: Learning Curricular Shape-Aware Features for Robust Panoptic Scene Graph Generation.,-1,,,,,,"Hanrong Shi,Lin Li,Jun Xiao,Yueting Zhuang,Long Chen",
IJCV2025,,Correction: Instant3D: Instant Text-to-3D Generation.,-1,,,,,,"Ming Li,Pan Zhou,Jia-Wei Liu,Jussi Keppo,Min Lin,Shuicheng Yan,Xiangyu Xu",
IJCV2025,,Progressive Visual Prompt Learning with Contrastive Feature Re-formation.,-1,,,,,,"Chen Xu,Yuhan Zhu,Haocheng Shen,Boheng Chen,Yixuan Liao,Xiaoxin Chen,Limin Wang",
IJCV2025,,Novel Class Discovery Meets Foundation Models for 3D Semantic Segmentation.,-1,,,,,,"Luigi Riz,Cristiano Saltori,Yiming Wang,Elisa Ricci,Fabio Poiesi",
IJCV2025,,SplitNet: Learnable Clean-Noisy Label Splitting for Learning with Noisy Labels.,-1,,,,,,"Daehwan Kim,Kwangrok Ryoo,Hansang Cho,Seungryong Kim",
IJCV2025,,A Comprehensive Study on Robustness of Image Classification Models: Benchmarking and Rethinking.,-1,,,,,,"Chang Liu,Yinpeng Dong,Wenzhao Xiang,Xiao Yang,Hang Su,Jun Zhu,Yuefeng Chen,Yuan He,Hui Xue,Shibao Zheng",
IJCV2025,,Weighted Joint Distribution Optimal Transport Based Domain Adaptation for Cross-Scenario Face Anti-Spoofing.,-1,,,,,,"Shiyun Mao,Ruolin Chen,Huibin Li",
IJCV2025,,FMGS: Foundation Model Embedded 3D Gaussian Splatting for Holistic 3D Scene Understanding.,-1,,,,,,"Xingxing Zuo,Pouya Samangouei,Yunwen Zhou,Yan Di,Mingyang Li",
IJCV2025,,Rethinking Open-World DeepFake Attribution with Multi-perspective Sensory Learning.,-1,,,,,,"Zhimin Sun,Shen Chen,Taiping Yao,Ran Yi,Shouhong Ding,Lizhuang Ma",
IJCV2025,,Variational Rectification Inference for Learning with Noisy Labels.,-1,,,,,,"Haoliang Sun,Qi Wei,Lei Feng,Yupeng Hu,Fan Liu,Hehe Fan,Yilong Yin",
IJCV2025,,Test-time Forgery Detection with Spatial-Frequency Prompt Learning.,-1,,,,,,"Junxian Duan,Yuang Ai,Jipeng Liu,Shenyuan Huang,Huaibo Huang,Jie Cao,Ran He",
IJCV2025,,Self-supervised Scalable Deep Compressed Sensing.,-1,,,,,,"Bin Chen,Xuanyu Zhang,Shuai Liu,Yongbing Zhang,Jian Zhang",
IJCV2025,,Out-of-Distribution Detection with Virtual Outlier Smoothing.,-1,,,,,,"Jun Nie,Yadan Luo,Shanshan Ye,Yonggang Zhang,Xinmei Tian,Zhen Fang",
IJCV2025,,LLMFormer: Large Language Model for Open-Vocabulary Semantic Segmentation.,-1,,,,,,"Hengcan Shi,Son Duy Dao,Jianfei Cai",
IJCV2025,,Masked Channel Modeling for Bootstrapping Visual Pre-training.,-1,,,,,,"Yang Liu,Xinlong Wang,Muzhi Zhu,Yue Cao,Tiejun Huang,Chunhua Shen",
IJCV2025,,Unsupervised Object Localization in the Era of Self-Supervised ViTs: A Survey.,-1,,,,,,"Oriane Siméoni,Éloi Zablocki,Spyros Gidaris,Gilles Puy,Patrick Pérez",
IJCV2025,,Low-Rank Transformer for High-Resolution Hyperspectral Computational Imaging.,-1,,,,,,"Yuanye Liu,Renwei Dian,Shutao Li",
IJCV2025,,Contextual Object Detection with Multimodal Large Language Models.,-1,,,,,,"Yuhang Zang,Wei Li,Jun Han,Kaiyang Zhou,Chen Change Loy",
IJCV2025,,Source-Free Domain Adaptation Guided by Vision and Vision-Language Pre-training.,-1,,,,,,"Wenyu Zhang,Li Shen,Chuan-Sheng Foo",
IJCV2025,,Toward Accurate and Robust Pedestrian Detection via Variational Inference.,-1,,,,,,"Huanyu He,Weiyao Lin,Yuang Zhang,Tianyao He,Yuxi Li,Jianguo Li",
IJCV2025,,IMC-Det: Intra-Inter Modality Contrastive Learning for Video Object Detection.,-1,,,,,,"Qiang Qi,Zhenyu Qiu,Yan Yan,Yang Lu,Hanzi Wang",
IJCV2025,,R2S100K: Road-Region Segmentation Dataset for Semi-supervised Autonomous Driving in the Wild.,-1,,,,,,"Muhammad Atif Butt,Hassan Ali,Adnan Qayyum,Waqas Sultani,Ala I. Al-Fuqaha,Junaid Qadir",
IJCV2025,,AROID: Improving Adversarial Robustness Through Online Instance-Wise Data Augmentation.,-1,,,,,,"Lin Li,Jianing Qiu,Michael W. Spratling",
IJCV2025,,Learning Box Regression and Mask Segmentation Under Long-Tailed Distribution with Gradient Transfusing.,-1,,,,,,"Tao Wang,Li Yuan,Xinchao Wang,Jiashi Feng",
IJCV2025,,Learning General and Specific Embedding with Transformer for Few-Shot Object Detection.,-1,,,,,,"Xu Zhang,Zhe Chen,Jing Zhang,Tongliang Liu,Dacheng Tao",
IJCV2025,,Guest Editorial: Special Issue on Open-World Visual Recognition.,-1,,,,,,"Zhun Zhong,Hong Liu,Yin Cui,Shin'ichi Satoh,Nicu Sebe,Ming-Hsuan Yang",
IJCV2025,,Correction: Open-Vocabulary Text-Driven Human Image Generation.,-1,,,,,,"Kaiduo Zhang,Muyi Sun,Jianxin Sun,Kunbo Zhang,Zhenan Sun,Tieniu Tan",
IJCV2025,,Lightweight High-Speed Photography Built on Coded Exposure and Implicit Neural Representation of Videos.,-1,,,,,,"Zhihong Zhang,Runzhao Yang,Jinli Suo,Yuxiao Cheng,Qionghai Dai",
IJCV2025,,Revisiting Class-Incremental Learning with Pre-Trained Models: Generalizability and Adaptivity are All You Need.,-1,,,,,,"Da-Wei Zhou,Zi-Wen Cai,Han-Jia Ye,De-Chuan Zhan,Ziwei Liu",
IJCV2025,,Systematic Evaluation of Uncertainty Calibration in Pretrained Object Detectors.,-1,,,,,,"Denis Huseljic,Marek Herde,Paul Hahn,Mehmet Muejde,Bernhard Sick",
IJCV2025,,Adaptive Fuzzy Positive Learning for Annotation-Scarce Semantic Segmentation.,-1,,,,,,"Pengchong Qiao,Yu Wang,Chang Liu,Lei Shang,Baigui Sun,Zhennan Wang,Xiawu Zheng,Rongrong Ji,Jie Chen",
IJCV2025,,Continual Face Forgery Detection via Historical Distribution Preserving.,-1,,,,,,"Ke Sun,Shen Chen,Taiping Yao,Xiaoshuai Sun,Shouhong Ding,Rongrong Ji",
IJCV2025,,WeakCLIP: Adapting CLIP for Weakly-Supervised Semantic Segmentation.,-1,,,,,,"Lianghui Zhu,Xinggang Wang,Jiapei Feng,Tianheng Cheng,Yingyue Li,Bo Jiang,Dingwen Zhang,Junwei Han",
IJCV2025,,In Search of Lost Online Test-Time Adaptation: A Survey.,-1,,,,,,"Zixin Wang,Yadan Luo,Liang Zheng,Zhuoxiao Chen,Sen Wang,Zi Huang",
IJCV2025,,Hierarchical Active Learning for Low-Altitude Drone-View Object Detection.,-1,,,,,,"Haohao Hu,Tianyu Han,Yuerong Wang,Wanjun Zhong,Jingwei Yue,Peng Zan",
IJCV2025,,Lidar Panoptic Segmentation in an Open World.,-1,,,,,,"Anirudh Srinivasan Chakravarthy,Meghana Reddy Ganesina,Peiyun Hu,Laura Leal-Taixé,Shu Kong,Deva Ramanan,Aljosa Osep",
IJCV2025,,FastComposer: Tuning-Free Multi-subject Image Generation with Localized Attention.,-1,,,,,,"Guangxuan Xiao,Tianwei Yin,William T. Freeman,Frédo Durand,Song Han",
IJCV2025,,Breaking the Limits of Reliable Prediction via Generated Data.,-1,,,,,,"Zhen Cheng,Fei Zhu,Xu-Yao Zhang,Chenglin Liu",
IJCV2025,,Slimmable Networks for Contrastive Self-supervised Learning.,-1,,,,,,"Shuai Zhao,Linchao Zhu,Xiaohan Wang,Yi Yang",
IJCV2025,,Robust Deep Object Tracking against Adversarial Attacks.,-1,,,,,,"Shuai Jia,Chao Ma,Yibing Song,Xiaokang Yang,Ming-Hsuan Yang",
IJCV2025,,Mutual Prompt Leaning for Vision Language Models.,-1,,,,,,"Sifan Long,Zhen Zhao,Junkun Yuan,Zichang Tan,Jiangjiang Liu,Jingyuan Feng,Sheng-Sheng Wang,Jingdong Wang",
IJCV2025,,LEO: Generative Latent Image Animator for Human Video Synthesis.,-1,,,,,,"Yaohui Wang,Xin Ma,Xinyuan Chen,Cunjian Chen,Antitza Dantcheva,Bo Dai,Yu Qiao",
IJCV2025,,From Gaze Jitter to Domain Adaptation: Generalizing Gaze Estimation by Manipulating High-Frequency Components.,-1,,,,,,"Ruicong Liu,Haofei Wang,Feng Lu",
IJCV2025,,2D Semantic-Guided Semantic Scene Completion.,-1,,,,,,"Xianzhu Liu,Haozhe Xie,Shengping Zhang,Hongxun Yao,Rongrong Ji,Liqiang Nie,Dacheng Tao",
IJCV2025,,Dissecting Out-of-Distribution Detection and Open-Set Recognition: A Critical Analysis of Methods and Benchmarks.,-1,,,,,,"Hongjun Wang,Sagar Vaze,Kai Han",
IJCV2025,,MapTRv2: An End-to-End Framework for Online Vectorized HD Map Construction.,-1,,,,,,"Bencheng Liao,Shaoyu Chen,Yunchi Zhang,Bo Jiang,Qian Zhang,Wenyu Liu,Chang Huang,Xinggang Wang",
IJCV2025,,Bi-VLGM: Bi-Level Class-Severity-Aware Vision-Language Graph Matching for Text Guided Medical Image Segmentation.,-1,,,,,,"Wenting Chen,Jie Liu,Tianming Liu,Yixuan Yuan",
IJCV2025,,Unified Frequency-Assisted Transformer Framework for Detecting and Grounding Multi-modal Manipulation.,-1,,,,,,"Huan Liu,Zichang Tan,Qiang Chen,Yunchao Wei,Yao Zhao,Jingdong Wang",
IJCV2025,,LSKNet: A Foundation Lightweight Backbone for Remote Sensing.,-1,,,,,,"Yuxuan Li,Xiang Li,Yimian Dai,Qibin Hou,Li Liu,Yongxiang Liu,Ming-Ming Cheng,Jian Yang",
IJCV2025,,Editor's Note: Special Issue on German Conference on Pattern Recognition (DAGM GCPR).,-1,,,,,,Bastian Goldluecke,
IJCV2025,,Editor's Note: Special Issue on Computer Vision Approaches for Animal Tracking and Modeling 2023.,-1,,,,,,,
IJCV2025,,Correction: Variational Rectification Inference for Learning with Noisy Labels.,-1,,,,,,"Haoliang Sun,Qi Wei,Lei Feng,Yupeng Hu,Fan Liu,Hehe Fan,Yilong Yin",
IJCV2025,,Group-Based Distinctive Image Captioning with Memory Difference Encoding and Attention.,-1,,,,,,"Jiuniu Wang,Wenjia Xu,Qingzhong Wang,Antoni B. Chan",
IJCV2025,,MosaicFusion: Diffusion Models as Data Augmenters for Large Vocabulary Instance Segmentation.,-1,,,,,,"Jiahao Xie,Wei Li,Xiangtai Li,Ziwei Liu,Yew Soon Ong,Chen Change Loy",
IJCV2025,,Using Unreliable Pseudo-Labels for Label-Efficient Semantic Segmentation.,-1,,,,,,"Haochen Wang,Yuchao Wang,Yujun Shen,Junsong Fan,Yuxi Wang,Zhaoxiang Zhang",
IJCV2025,,DLRA-Net: Deep Local Residual Attention Network with Contextual Refinement for Spectral Super-Resolution.,-1,,,,,,"Ahmed R. El-gabri,Hussein A. Aly,Tarek Elsaid Ghoniemy,Mohamed A. Elshafey",
IJCV2025,,Mining Generalized Multi-timescale Inconsistency for Detecting Deepfake Videos.,-1,,,,,,"Yang Yu,Rongrong Ni,Siyuan Yang,Yu Ni,Yao Zhao,Alex C. Kot",
IJCV2025,,Edge-Oriented Adversarial Attack for Deep Gait Recognition.,-1,,,,,,"Saihui Hou,Zengbin Wang,Man Zhang,Chunshui Cao,Xu Liu,Yongzhen Huang",
IJCV2025,,4Seasons: Benchmarking Visual SLAM and Long-Term Localization for Autonomous Driving in Challenging Conditions.,-1,,,,,,"Patrick Wenzel,Nan Yang,Rui Wang,Niclas Zeller,Daniel Cremers",
IJCV2025,,Towards Ultra High-Speed Hyperspectral Imaging by Integrating Compressive and Neuromorphic Sampling.,-1,,,,,,"Mengyue Geng,Lizhi Wang,Lin Zhu,Wei Zhang,Ruiqin Xiong,Yonghong Tian",
IJCV2025,,Learning Accurate Low-bit Quantization towards Efficient Computational Imaging.,-1,,,,,,"Sheng Xu,Yanjing Li,Chuanjian Liu,Baochang Zhang",
IJCV2025,,Audio-Visual Segmentation with Semantics.,-1,,,,,,"Jinxing Zhou,Xuyang Shen,Jianyuan Wang,Jiayi Zhang,Weixuan Sun,Jing Zhang,Stan Birchfield,Dan Guo,Lingpeng Kong,Meng Wang,Yiran Zhong",
IJCV2025,,Blind Multimodal Quality Assessment of Low-Light Images.,-1,,,,,,"Miaohui Wang,Zhuowei Xu,Mai Xu,Weisi Lin",
IJCV2025,,Towards Data-Centric Face Anti-spoofing: Improving Cross-Domain Generalization via Physics-Based Data Synthesis.,-1,,,,,,"Rizhao Cai,Cecelia Soh,Zitong Yu,Haoliang Li,Wenhan Yang,Alex C. Kot",
IJCV2025,,Facial Action Unit Detection by Adaptively Constraining Self-Attention and Causally Deconfounding Sample.,-1,,,,,,"Zhiwen Shao,Hancheng Zhu,Yong Zhou,Xiang Xiang,Bing Liu,Rui Yao,Lizhuang Ma",
IJCV2025,,On the Generalization and Causal Explanation in Self-Supervised Learning.,-1,,,,,,"Wenwen Qiang,Zeen Song,Ziyin Gu,Jiangmeng Li,Changwen Zheng,Fuchun Sun,Hui Xiong",
IJCV2025,,Interweaving Insights: High-Order Feature Interaction for Fine-Grained Visual Recognition.,-1,,,,,,"Arindam Sikdar,Yonghuai Liu,Siddhardha Kedarisetty,Yitian Zhao,Amr Ahmed,Ardhendu Behera",
IJCV2025,,AgMTR: Agent Mining Transformer for Few-Shot Segmentation in Remote Sensing.,-1,,,,,,"Hanbo Bi,Yingchao Feng,Yongqiang Mao,Jianning Pei,Wenhui Diao,Hongqi Wang,Xian Sun",
IJCV2025,,CogCartoon: Towards Practical Story Visualization.,-1,,,,,,"Zhongyang Zhu,Jie Tang",
IJCV2025,,Learning Text-to-Video Retrieval from Image Captioning.,-1,,,,,,"Lucas Ventura,Cordelia Schmid,Gül Varol",
IJCV2025,,Neural Vector Fields for Implicit Surface Representation and Inference.,-1,,,,,,"Edoardo Mello Rella,Ajad Chhatkuli,Ender Konukoglu,Luc Van Gool",
IJCV2025,,Show-1: Marrying Pixel and Latent Diffusion Models for Text-to-Video Generation.,-1,,,,,,"David Junhao Zhang,Jay Zhangjie Wu,Jia-Wei Liu,Rui Zhao,Lingmin Ran,Yuchao Gu,Difei Gao,Mike Zheng Shou",
IJCV2025,,StyleAdapter: A Unified Stylized Image Generation Model.,-1,,,,,,"Zhouxia Wang,Xintao Wang,Liangbin Xie,Zhongang Qi,Ying Shan,Wenping Wang,Ping Luo",
IJCV2025,,Sample Correlation for Fingerprinting Deep Face Recognition.,-1,,,,,,"Jiyang Guan,Jian Liang,Yanbo Wang,Ran He",
IJCV2025,,Dynamic Attention Vision-Language Transformer Network for Person Re-identification.,-1,,,,,,"Guifang Zhang,Shijun Tan,Zhe Ji,Yuming Fang",
IJCV2025,,A Memory-Assisted Knowledge Transferring Framework with Curriculum Anticipation for Weakly Supervised Online Activity Detection.,-1,,,,,,"Tianshan Liu,Kin-Man Lam,Bing-Kun Bao",
IJCV2025,,Improving 3D Finger Traits Recognition via Generalizable Neural Rendering.,-1,,,,,,"Hongbin Xu,Junduan Huang,Yuer Ma,Zifeng Li,Wenxiong Kang",
IJCV2025,,Basis Restricted Elastic Shape Analysis on the Space of Unregistered Surfaces.,-1,,,,,,"Emmanuel Hartman,Emery Pierson,Martin Bauer,Mohamed Daoudi,Nicolas Charon",
IJCV2025,,Anti-Fake Vaccine: Safeguarding Privacy Against Face Swapping via Visual-Semantic Dual Degradation.,-1,,,,,,"Jingzhi Li,Changjiang Luo,Hua Zhang,Yang Cao,Xin Liao,Xiaochun Cao",
IJCV2025,,APPTracker+: Displacement Uncertainty for Occlusion Handling in Low-Frame-Rate Multiple Object Tracking.,-1,,,,,,"Tao Zhou,Qi Ye,Wenhan Luo,Haizhou Ran,Zhiguo Shi,Jiming Chen",
IJCV2025,,Achieving Procedure-Aware Instructional Video Correlation Learning Under Weak Supervision from a Collaborative Perspective.,-1,,,,,,"Tianyao He,Huabin Liu,Zelin Ni,Yuxi Li,Xiao Ma,Cheng Zhong,Yang Zhang,Yingxue Wang,Weiyao Lin",
IJCV2025,,Few Annotated Pixels and Point Cloud Based Weakly Supervised Semantic Segmentation of Driving Scenes.,-1,,,,,,"Huimin Ma,Sheng Yi,Shijie Chen,Jiansheng Chen,Yu Wang",
IJCV2025,,EfficientDeRain+: Learning Uncertainty-Aware Filtering via RainMix Augmentation for High-Efficiency Deraining.,-1,,,,,,"Qing Guo,Hua Qi,Jingyang Sun,Felix Juefei-Xu,Lei Ma,Di Lin,Wei Feng,Song Wang",
IJCV2025,,Day2Dark: Pseudo-Supervised Activity Recognition Beyond Silent Daylight.,-1,,,,,,"Yunhua Zhang,Hazel Doughty,Cees G. M. Snoek",
IJCV2025,,Rethinking Contemporary Deep Learning Techniques for Error Correction in Biometric Data.,-1,,,,,,"Yen-Lung Lai,Xingbo Dong,Zhe Jin,Wei Jia,Massimo Tistarelli,Xuejun Li",
IJCV2025,,Adaptive Middle Modality Alignment Learning for Visible-Infrared Person Re-identification.,-1,,,,,,"Yukang Zhang,Yan Yan,Yang Lu,Hanzi Wang",
IJCV2025,,MVTN: Learning Multi-view Transformations for 3D Understanding.,-1,,,,,,"Abdullah Hamdi,Faisal AlZahrani,Silvio Giancola,Bernard Ghanem",
IJCV2025,,Diagnosing Human-Object Interaction Detectors.,-1,,,,,,"Fangrui Zhu,Yiming Xie,Weidi Xie,Huaizu Jiang",
IJCV2025,,Correction: Multi-source-free Domain Adaptive Object Detection.,-1,,,,,,"Sicheng Zhao,Huizai Yao,Chuang Lin,Yue Gao,Guiguang Ding",
IJCV2025,,Correction: Continual Face Forgery Detection via Historical Distribution Preserving.,-1,,,,,,"Ke Sun,Shen Chen,Taiping Yao,Xiaoshuai Sun,Shouhong Ding,Rongrong Ji",
IJCV2025,,Learning to Detect Novel Species with SAM in the Wild.,-1,,,,,,"Garvita Allabadi,Ana Lucic,Yu-Xiong Wang,Vikram S. Adve",
IJCV2025,,Feature Matching via Graph Clustering with Local Affine Consensus.,-1,,,,,,"Yifan Lu,Jiayi Ma",
IJCV2025,,Pulling Target to Source: A New Perspective on Domain Adaptive Semantic Segmentation.,-1,,,,,,"Haochen Wang,Yujun Shen,Jingjing Fei,Wei Li,Liwei Wu,Yuxi Wang,Zhaoxiang Zhang",
IJCV2025,,Warping the Residuals for Image Editing with StyleGAN.,-1,,,,,,"Ahmet Burak Yildirim,Hamza Pehlivan,Aysegul Dundar",
IJCV2025,,CS-CoLBP: Cross-Scale Co-occurrence Local Binary Pattern for Image Classification.,-1,,,,,,"Bin Xiao,Danyu Shi,Xiuli Bi,Weisheng Li,Xinbo Gao",
IJCV2025,,NAFT and SynthStab: A RAFT-Based Network and a Synthetic Dataset for Digital Video Stabilization.,-1,,,,,,"Marcos Roberto e Souza,Helena de Almeida Maia,Hélio Pedrini",
IJCV2025,,One-Shot Generative Domain Adaptation in 3D GANs.,-1,,,,,,"Ziqiang Li,Yi Wu,Chaoyue Wang,Xue Rui,Bin Li",
IJCV2025,,Reliable Evaluation of Attribution Maps in CNNs: A Perturbation-Based Approach.,-1,,,,,,"Lars Nieradzik,Henrike Stephani,Janis Keuper",
IJCV2025,,Transformer for Object Re-identification: A Survey.,-1,,,,,,"Mang Ye,Shuoyi Chen,Chenyue Li,Wei-Shi Zheng,David Crandall,Bo Du",
IJCV2025,,Globally Correlation-Aware Hard Negative Generation.,-1,,,,,,"Wenjie Peng,Hongxiang Huang,Tianshui Chen,Quhui Ke,Gang Dai,Shuangping Huang",
IJCV2025,,IEBins: Iterative Elastic Bins for Monocular Depth Estimation and Completion.,-1,,,,,,"Shuwei Shao,Zhongcai Pei,Weihai Chen,Peter C. Y. Chen,Zhengguo Li",
IJCV2025,,"ICEv2: Interpretability, Comprehensiveness, and Explainability in Vision Transformer.",-1,,,,,,"Hoyoung Choi,Seungwan Jin,Kyungsik Han",
IJCV2025,,"Draw Sketch, Draw Flesh: Whole-Body Computed Tomography from Any X-Ray Views.",-1,,,,,,"Yongsheng Pan,Yiwen Ye,Yanning Zhang,Yong Xia,Dinggang Shen",
IJCV2025,,DiffLLE: Diffusion-based Domain Calibration for Weak Supervised Low-light Image Enhancement.,-1,,,,,,"Shuzhou Yang,Xuanyu Zhang,Yinhuai Wang,Jiwen Yu,Yuhan Wang,Jian Zhang",
IJCV2025,,ReFusion: Learning Image Fusion from Reconstruction with Learnable Loss Via Meta-Learning.,-1,,,,,,"Haowen Bai,Zixiang Zhao,Jiangshe Zhang,Yichen Wu,Lilun Deng,Yukun Cui,Baisong Jiang,Shuang Xu",
IJCV2025,,Instance-dependent Label Distribution Estimation for Learning with Label Noise.,-1,,,,,,"Zehui Liao,Shishuai Hu,Yutong Xie,Yong Xia",
IJCV2025,,CLIP-Powered TASS: Target-Aware Single-Stream Network for Audio-Visual Question Answering.,-1,,,,,,"Yuanyuan Jiang,Jianqin Yin",
IJCV2025,,Modality-missing RGBT Tracking: Invertible Prompt Learning and High-quality Benchmarks.,-1,,,,,,"Andong Lu,Chenglong Li,Jiacong Zhao,Jin Tang,Bin Luo",
IJCV2025,,Object Pose Estimation Based on Multi-precision Vectors and Seg-Driven PnP.,-1,,,,,,"Yulin Wang,Hongli Li,Chen Luo",
IJCV2025,,An Evaluation of Zero-Cost Proxies - from Neural Architecture Performance Prediction to Model Robustness.,-1,,,,,,"Jovita Lukasik,Michael Möller,Margret Keuper",
IJCV2025,,Occlusion-Preserved Surveillance Video Synopsis with Flexible Object Graph.,-1,,,,,,"Yongwei Nie,Wei Ge,Siming Zeng,Qing Zhang,Guiqing Li,Ping Li,Hongmin Cai",
IJCV2025,,Language-Guided Hierarchical Fine-Grained Image Forgery Detection and Localization.,-1,,,,,,"Xiao Guo,Xiaohong Liu,Iacopo Masi,Xiaoming Liu",
IJCV2025,,Image-Based Virtual Try-On: A Survey.,-1,,,,,,"Dan Song,Xuanpu Zhang,Juan Zhou,Weizhi Nie,Ruofeng Tong,Mohan S. Kankanhalli,An-An Liu",
IJCV2025,,On Mitigating Stability-Plasticity Dilemma in CLIP-guided Image Morphing via Geodesic Distillation Loss.,-1,,,,,,"Yeongtak Oh,Saehyung Lee,Uiwon Hwang,Sungroh Yoon",
IJCV2025,,InfoPro: Locally Supervised Deep Learning by Maximizing Information Propagation.,-1,,,,,,"Yulin Wang,Zanlin Ni,Yifan Pu,Cai Zhou,Jixuan Ying,Shiji Song,Gao Huang",
IJCV2025,,CMAE-3D: Contrastive Masked AutoEncoders for Self-Supervised 3D Object Detection.,-1,,,,,,"Yanan Zhang,Jiaxin Chen,Di Huang",
IJCV2025,,MaskDiffusion: Boosting Text-to-Image Consistency with Conditional Mask.,-1,,,,,,"Yupeng Zhou,Daquan Zhou,Yaxing Wang,Jiashi Feng,Qibin Hou",
IJCV2025,,MoDA: Modeling Deformable 3D Objects from Casual Videos.,-1,,,,,,"Chaoyue Song,Jiacheng Wei,Tianyi Chen,Yiwen Chen,Chuan-Sheng Foo,Fayao Liu,Guosheng Lin",
IJCV2025,,Structured Generative Models for Scene Understanding.,-1,,,,,,Christopher K. I. Williams,
IJCV2025,,Relation-Guided Adversarial Learning for Data-Free Knowledge Transfer.,-1,,,,,,"Yingping Liang,Ying Fu",
IJCV2025,,Hyper-3DG: Text-to-3D Gaussian Generation via Hypergraph.,-1,,,,,,"Donglin Di,Jiahui Yang,Chaofan Luo,Zhou Xue,Wei Chen,Xun Yang,Yue Gao",
IJCV2025,,Beyond Talking - Generating Holistic 3D Human Dyadic Motion for Communication.,-1,,,,,,"Mingze Sun,Chao Xu,Xinyu Jiang,Yang Liu,Baigui Sun,Ruqi Huang",
IJCV2025,,Hard-Normal Example-Aware Template Mutual Matching for Industrial Anomaly Detection.,-1,,,,,,"Zixuan Chen,Xiaohua Xie,Lingxiao Yang,Jian-Huang Lai",
IJCV2025,,Learning Discriminative Features for Visual Tracking via Scenario Decoupling.,-1,,,,,,"Yinchao Ma,Qianjin Yu,Wenfei Yang,Tianzhu Zhang,Jinpeng Zhang",
IJCV2025,,Polynomial Implicit Neural Framework for Promoting Shape Awareness in Generative Models.,-1,,,,,,"Utkarsh Nath,Rajhans Singh,Ankita Shukla,Kuldeep Kulkarni,Pavan K. Turaga",
IJCV2025,,Deep Attention Learning for Pre-operative Lymph Node Metastasis Prediction in Pancreatic Cancer via Multi-object Relationship Modeling.,-1,,,,,,"Zhilin Zheng,Xu Fang,Jiawen Yao,Mengmeng Zhu,Le Lu,Yu Shi,Hong Lu,Jianping Lu,Ling Zhang,Chengwei Shao,Yun Bian",
IJCV2025,,Noise-Resistant Multimodal Transformer for Emotion Recognition.,-1,,,,,,"Yuanyuan Liu,Haoyu Zhang,Yibing Zhan,Zijing Chen,Guanghao Yin,Lin Wei,Zhe Chen",
IJCV2025,,FusionBooster: A Unified Image Fusion Boosting Paradigm.,-1,,,,,,"Chunyang Cheng,Tianyang Xu,Xiaojun Wu,Hui Li,Xi Li,Josef Kittler",
IJCV2025,,LaVie: High-Quality Video Generation with Cascaded Latent Diffusion Models.,-1,,,,,,"Yaohui Wang,Xinyuan Chen,Xin Ma,Shangchen Zhou,Ziqi Huang,Yi Wang,Ceyuan Yang,Yinan He,Jiashuo Yu,Peiqing Yang,Yuwei Guo,Tianxing Wu,Chenyang Si,Yuming Jiang,Cunjian Chen,Chen Change Loy,Bo Dai,Dahua Lin,Yu Qiao,Ziwei Liu",
IJCV2025,,Guest Editorial: Special Issue on Multimodal Learning.,-1,,,,,,"Michael Ying Yang,Paolo Rota,Massimiliano Mancini,Pietro Morerio,Bodo Rosenhahn,Vittorio Murino",
IJCV2025,,AutoStory: Generating Diverse Storytelling Images with Minimal Human Efforts.,-1,,,,,,"Wen Wang,Canyu Zhao,Hao Chen,Zhekai Chen,Kecheng Zheng,Chunhua Shen",
IJCV2025,,SLIDE: A Unified Mesh and Texture Generation Framework with Enhanced Geometric Control and Multi-view Consistency.,-1,,,,,,"Jinyi Wang,Zhaoyang Lyu,Ben Fei,Jiangchao Yao,Ya Zhang,Bo Dai,Dahua Lin,Ying He,Yanfeng Wang",
IJCV2025,,Exploring Homogeneous and Heterogeneous Consistent Label Associations for Unsupervised Visible-Infrared Person ReID.,-1,,,,,,"Lingfeng He,De Cheng,Nannan Wang,Xinbo Gao",
IJCV2025,,AniClipart: Clipart Animation with Text-to-Video Priors.,-1,,,,,,"Ronghuan Wu,Wanchao Su,Kede Ma,Jing Liao",
IJCV2025,,Combating Label Noise with a General Surrogate Model for Sample Selection.,-1,,,,,,"Chao Liang,Linchao Zhu,Humphrey Shi,Yi Yang",
IJCV2025,,CSFRNet: Integrating Clothing Status Awareness for Long-Term Person Re-identification.,-1,,,,,,"Yan Huang,Yan Huang,Zhang Zhang,Qiang Wu,Yi Zhong,Liang Wang",
IJCV2025,,Pseudo-Plane Regularized Signed Distance Field for Neural Indoor Scene Reconstruction.,-1,,,,,,"Jing Li,Jinpeng Yu,Ruoyu Wang,Shenghua Gao",
IJCV2025,,RepSNet: A Nucleus Instance Segmentation Model Based on Boundary Regression and Structural Re-Parameterization.,-1,,,,,,"Shengchun Xiong,Xiangru Li,Yunpeng Zhong,Wanfen Peng",
IJCV2025,,Blind Image Quality Assessment: Exploring Content Fidelity Perceptibility via Quality Adversarial Learning.,-1,,,,,,"Mingliang Zhou,Wenhao Shen,Xuekai Wei,Jun Luo,Fan Jia,Xu Zhuang,Weijia Jia",
IJCV2025,,HUPE: Heuristic Underwater Perceptual Enhancement with Semantic Collaborative Learning.,-1,,,,,,"Zengxi Zhang,Zhiying Jiang,Long Ma,Jinyuan Liu,Xin Fan,Risheng Liu",
IJCV2025,,Robust Sequential DeepFake Detection.,-1,,,,,,"Rui Shao,Tianxing Wu,Ziwei Liu",
IJCV2025,,PICK: Predict and Mask for Semi-supervised Medical Image Segmentation.,-1,,,,,,"Qingjie Zeng,Zilin Lu,Yutong Xie,Yong Xia",
IJCV2025,,Relation-Guided Versatile Regularization for Federated Semi-Supervised Learning.,-1,,,,,,"Qiushi Yang,Zhen Chen,Zhe Peng,Yixuan Yuan",
IJCV2025,,General Class-Balanced Multicentric Dynamic Prototype Pseudo-Labeling for Source-Free Domain Adaptation.,-1,,,,,,"Sanqing Qu,Guang Chen,Jing Zhang,Zhijun Li,Wei He,Dacheng Tao",
IJCV2025,,Delving Deep into Simplicity Bias for Long-Tailed Image Recognition.,-1,,,,,,"Xiu-Shen Wei,Xuhao Sun,Yang Shen,Peng Wang",
IJCV2025,,Context-Aware Multi-view Stereo Network for Efficient Edge-Preserving Depth Estimation.,-1,,,,,,"Wanjuan Su,Wenbing Tao",
IJCV2025,,LDTrack: Dynamic People Tracking by Service Robots Using Diffusion Models.,-1,,,,,,"Angus Fung,Beno Benhabib,Goldie Nejat",
IJCV2025,,Learning Meshing from Delaunay Triangulation for 3D Shape Representation.,-1,,,,,,"Chen Zhang,Wenbing Tao",
IJCV2025,,RIGID: Recurrent GAN Inversion and Editing of Real Face Videos and Beyond.,-1,,,,,,"Yangyang Xu,Shengfeng He,Kwan-Yee K. Wong,Ping Luo",
IJCV2025,,UniCanvas: Affordance-Aware Unified Real Image Editing via Customized Text-to-Image Generation.,-1,,,,,,"Jian Jin,Yang Shen,Xinyang Zhao,Zhenyong Fu,Jian Yang",
IJCV2025,,Generalized Robot Vision-Language Model via Linguistic Foreground-Aware Contrast.,-1,,,,,,"Kangcheng Liu,Chaoqun Wang,Xiaodong Han,Yong-Jin Liu,Baoquan Chen",
IJCV2025,,Unsupervised Semantic Segmentation of Urban Scenes via Cross-Modal Distillation.,-1,,,,,,"Antonín Vobecký,David Hurych,Oriane Siméoni,Spyros Gidaris,Andrei Bursuc,Patrick Pérez,Josef Sivic",
IJCV2025,,Rethinking Generalizability and Discriminability of Self-Supervised Learning from Evolutionary Game Theory Perspective.,-1,,,,,,"Jiangmeng Li,Zehua Zang,Qirui Ji,Chuxiong Sun,Wenwen Qiang,Junge Zhang,Changwen Zheng,Fuchun Sun,Hui Xiong",
IJCV2025,,Pre-trained Trojan Attacks for Visual Recognition.,-1,,,,,,"Aishan Liu,Xianglong Liu,Xinwei Zhang,Yisong Xiao,Yuguang Zhou,Siyuan Liang,Jiakai Wang,Xiaochun Cao,Dacheng Tao",
IJCV2025,,GL-MCM: Global and Local Maximum Concept Matching for Zero-Shot Out-of-Distribution Detection.,-1,,,,,,"Atsuyuki Miyai,Qing Yu,Go Irie,Kiyoharu Aizawa",
IJCV2025,,A Mutual Supervision Framework for Referring Expression Segmentation and Generation.,-1,,,,,,"Shijia Huang,Feng Li,Hao Zhang,Shilong Liu,Lei Zhang,Liwei Wang",
IJCV2025,,DeepFake-Adapter: Dual-Level Adapter for DeepFake Detection.,-1,,,,,,"Rui Shao,Tianxing Wu,Liqiang Nie,Ziwei Liu",
IJCV2025,,MoonShot: Towards Controllable Video Generation and Editing with Motion-Aware Multimodal Conditions.,-1,,,,,,"David Junhao Zhang,Dongxu Li,Hung Le,Mike Zheng Shou,Caiming Xiong,Doyen Sahoo",
IJCV2025,,SeaFormer++: Squeeze-Enhanced Axial Transformer for Mobile Visual Recognition.,-1,,,,,,"Qiang Wan,Zilong Huang,Jiachen Lu,Gang Yu,Li Zhang",
IJCV2025,,Dual-Space Video Person Re-identification.,-1,,,,,,"Jiaxu Leng,Changjiang Kuang,Shuang Li,Ji Gan,Haosheng Chen,Xinbo Gao",
IJCV2025,,Image Synthesis Under Limited Data: A Survey and Taxonomy.,-1,,,,,,"Mengping Yang,Zhe Wang",
IJCV2025,,Sample-Cohesive Pose-Aware Contrastive Facial Representation Learning.,-1,,,,,,"Yuanyuan Liu,Shaoze Feng,Shuyang Liu,Yibing Zhan,Dapeng Tao,Zijing Chen,Zhe Chen",
IJCV2025,,Learning with Enriched Inductive Biases for Vision-Language Models.,-1,,,,,,"Lingxiao Yang,Ru-Yuan Zhang,Qi Chen,Xiaohua Xie",
IJCV2025,,Self-supervised Shutter Unrolling with Events.,-1,,,,,,"Mingyuan Lin,Yangguang Wang,Xiang Zhang,Boxin Shi,Wen Yang,Chu He,Gui-Song Xia,Lei Yu",
IJCV2025,,TryOn-Adapter: Efficient Fine-Grained Clothing Identity Adaptation for High-Fidelity Virtual Try-On.,-1,,,,,,"Jiazheng Xing,Chao Xu,Yijie Qian,Yang Liu,Guang Dai,Baigui Sun,Yong Liu,Jingdong Wang",
IJCV2025,,Correction: CMAE-3D: Contrastive Masked AutoEncoders for Self-Supervised 3D Object Detection.,-1,,,,,,"Yanan Zhang,Jiaxin Chen,Di Huang",
IJCV2025,,Correction: Deep Attention Learning for Pre-operative Lymph Node Metastasis Prediction in Pancreatic Cancer via Multi-object Relationship Modeling.,-1,,,,,,"Zhilin Zheng,Xu Fang,Jiawen Yao,Mengmeng Zhu,Le Lu,Yu Shi,Hong Lu,Jianping Lu,Ling Zhang,Chengwei Shao,Yun Bian",
IJCV2025,,Correction: Few Annotated Pixels and Point Cloud Based Weakly Supervised Semantic Segmentation of Driving Scenes.,-1,,,,,,"Huimin Ma,Sheng Yi,Shijie Chen,Jiansheng Chen,Yu Wang",
IJCV2025,,DiffuVolume: Diffusion Model for Volume based Stereo Matching.,-1,,,,,,"Dian Zheng,Xiao-Ming Wu,Jingke Meng,Wei-Shi Zheng",
IJCV2025,,Contrastive Decoupled Representation Learning and Regularization for Speech-Preserving Facial Expression Manipulation.,-1,,,,,,"Tianshui Chen,Jianman Lin,Zhijing Yang,Chumei Qing,Yukai Shi,Liang Lin",
IJCV2025,,Towards Boosting Out-of-Distribution Detection from a Spatial Feature Importance Perspective.,-1,,,,,,"Yao Zhu,Xiu Yan,Chuanlong Xie",
IJCV2025,,Learning Structure-Supporting Dependencies via Keypoint Interactive Transformer for General Mammal Pose Estimation.,-1,,,,,,"Tianyang Xu,Jiyong Rao,Xiaoning Song,Zhenhua Feng,Xiaojun Wu",
IJCV2025,,LiDAR-guided Geometric Pretraining for Vision-Centric 3D Object Detection.,-1,,,,,,"Linyan Huang,Huijie Wang,Jia Zeng,Shengchuan Zhang,Liujuan Cao,Junchi Yan,Hongyang Li",
IJCV2025,,Smaller But Better: Unifying Layout Generation with Smaller Large Language Models.,-1,,,,,,"Peirong Zhang,Jiaxin Zhang,Jiahuan Cao,Hongliang Li,Lianwen Jin",
IJCV2025,,An Experimental Study on Exploring Strong Lightweight Vision Transformers via Masked Image Modeling Pre-training.,-1,,,,,,"Jin Gao,Shubo Lin,Shaoru Wang,Yutong Kou,Zeming Li,Liang Li,Congxuan Zhang,Xiaoqin Zhang,Yizheng Wang,Weiming Hu",
IJCV2025,,Fusion4DAL: Offline Multi-modal 3D Object Detection for 4D Auto-labeling.,-1,,,,,,"Zhiyuan Yang,Xuekuan Wang,Wei Zhang,Xiao Tan,Jincheng Lu,Jingdong Wang,Errui Ding,Cairong Zhao",
IJCV2025,,VideoQA in the Era of LLMs: An Empirical Study.,-1,,,,,,"Junbin Xiao,Nanxin Huang,Hangyu Qin,Dongyang Li,Yicong Li,Fengbin Zhu,Zhulin Tao,Jianxing Yu,Liang Lin,Tat-Seng Chua,Angela Yao",
IJCV2025,,VL-Trojan: Multimodal Instruction Backdoor Attacks against Autoregressive Visual Language Models.,-1,,,,,,"Jiawei Liang,Siyuan Liang,Aishan Liu,Xiaochun Cao",
IJCV2025,,Consistent Prompt Tuning for Generalized Category Discovery.,-1,,,,,,"Muli Yang,Jie Yin,Yanan Gu,Cheng Deng,Hanwang Zhang,Hongyuan Zhu",
IJCV2025,,Instance-Level Moving Object Segmentation from a Single Image with Events.,-1,,,,,,"Zhexiong Wan,Bin Fan,Le Hui,Yuchao Dai,Gim Hee Lee",
IJCV2025,,"Imbuing, Enrichment and Calibration: Leveraging Language for Unseen Domain Extension.",-1,,,,,,"Chenyi Jiang,Jianqin Zhao,Jingjing Deng,Zechao Li,Haofeng Zhang",
IJCV2025,,Image Matting and 3D Reconstruction in One Loop.,-1,,,,,,"Xinshuang Liu,Siqi Li,Yue Gao",
IJCV2025,,Bootstrapping Vision-Language Models for Frequency-Centric Self-Supervised Remote Physiological Measurement.,-1,,,,,,"Zijie Yue,Miaojing Shi,Hanli Wang,Shuai Ding,Qijun Chen,Shanlin Yang",
IJCV2025,,Continual Test-Time Adaptation for Single Image Defocus Deblurring via Causal Siamese Networks.,-1,,,,,,"Shuang Cui,Yi Li,Jiangmeng Li,Xiongxin Tang,Bing Su,Fanjiang Xu,Hui Xiong",
IJCV2025,,Deep Convolutional Neural Network Enhanced Non-uniform Fast Fourier Transform for Undersampled MRI Reconstruction.,-1,,,,,,"Yuze Li,Haikun Qi,Zhangxuan Hu,Haozhong Sun,Guangqi Li,Zhe Zhang,Yilong Liu,Hua Guo,Huijun Chen",
IJCV2025,,Swap Attention in Spatiotemporal Diffusions for Text-to-Video Generation.,-1,,,,,,"Wenjing Wang,Huan Yang,Zixi Tuo,Huiguo He,Junchen Zhu,Jianlong Fu,Jiaying Liu",
IJCV2025,,Informative Scene Graph Generation via Debiasing.,-1,,,,,,"Lianli Gao,Xinyu Lyu,Yuyu Guo,Yuxuan Hu,Yuan-Fang Li,Xu Lu,Heng Tao Shen,Jingkuan Song",
IJCV2025,,DustNet++: Deep Learning-Based Visual Regression for Dust Density Estimation.,-1,,,,,,"Andreas Michel,Martin Weinmann,Jannick Kuester,Faisal Alnasser,Tomas Gomez,Mark Falvey,Rainer Schmitz,Wolfgang Middelmann,Stefan Hinz",
IJCV2025,,A Survey on Deep Stereo Matching in the Twenties.,-1,,,,,,"Fabio Tosi,Luca Bartolomei,Matteo Poggi",
IJCV2025,,Fg-T2M++: LLMs-Augmented Fine-Grained Text Driven Human Motion Generation.,-1,,,,,,"Yin Wang,Mu Li,Jiapeng Liu,Zhiying Leng,Frederick W. B. Li,Ziyao Zhang,Xiaohui Liang",
IJCV2025,,Realistic Evaluation of Deep Active Learning for Image Classification and Semantic Segmentation.,-1,,,,,,"Sudhanshu Mittal,Joshua Niemeijer,Özgün Çiçek,Maxim Tatarchenko,Jan Ehrhardt,Jörg P. Schäfer,Heinz Handels,Thomas Brox",
IJCV2025,,On the Trustworthiness Landscape of State-of-the-art Generative Models: A Survey and Outlook.,-1,,,,,,"Mingyuan Fan,Chengyu Wang,Cen Chen,Yang Liu,Jun Huang",
IJCV2025,,LMD: Light-Weight Prediction Quality Estimation for Object Detection in Lidar Point Clouds.,-1,,,,,,"Tobias Riedlinger,Marius Schubert,Sarina Penquitt,Jan-Marcel Kezmann,Pascal Colling,Karsten Kahl,Lutz Roese-Koerner,Michael Arnold,Urs Zimmermann,Matthias Rottmann",
IJCV2025,,Unknown Support Prototype Set for Open Set Recognition.,-1,,,,,,"Guosong Jiang,Pengfei Zhu,Bing Cao,Dongyue Chen,Qinghua Hu",
IJCV2025,,LaMD: Latent Motion Diffusion for Image-Conditional Video Generation.,-1,,,,,,"Yaosi Hu,Zhenzhong Chen,Chong Luo",
IJCV2025,,METS: Motion-Encoded Time-Surface for Event-Based High-Speed Pose Tracking.,-1,,,,,,"Ninghui Xu,Lihui Wang,Zhiting Yao,Takayuki Okatani",
IJCV2025,,Deep Hierarchical Learning for 3D Semantic Segmentation.,-1,,,,,,"Chongshou Li,Yuheng Liu,Xinke Li,Yuning Zhang,Tianrui Li,Junsong Yuan",
IJCV2025,,UMSCS: A Novel Unpaired Multimodal Image Segmentation Method Via Cross-Modality Generative and Semi-supervised Learning.,-1,,,,,,"Feiyang Yang,Xiongfei Li,Bo Wang,Peihong Teng,Guifeng Liu",
IJCV2025,,Temporal Transductive Inference for Few-Shot Video Object Segmentation.,-1,,,,,,Mennatullah Siam,
IJCV2025,,Part-Whole Relational Fusion Towards Multi-Modal Scene Understanding.,-1,,,,,,"Yi Liu,Chengxin Li,Shoukun Xu,Jungong Han",
IJCV2025,,Semantics-Conditioned Generative Zero-Shot Learning via Feature Refinement.,-1,,,,,,"Shiming Chen,Ziming Hong,Xinge You,Ling Shao",
IJCV2025,,Investigating Self-Supervised Methods for Label-Efficient Learning.,-1,,,,,,"Srinivasa Rao Nandam,Sara Atito,Zhenhua Feng,Josef Kittler,Muhammad Awais",
IJCV2025,,UniFace++: Revisiting a Unified Framework for Face Reenactment and Swapping via 3D Priors.,-1,,,,,,"Chao Xu,Yijie Qian,Shaoting Zhu,Baigui Sun,Jian Zhao,Yong Liu,Xuelong Li",
IJCV2025,,Attribute-Centric Compositional Text-to-Image Generation.,-1,,,,,,"Yuren Cong,Martin Renqiang Min,Li Erran Li,Bodo Rosenhahn,Michael Ying Yang",
IJCV2025,,Exemplar-Free Continual Learning of Vision Transformers via Gated Class-Attention and Cascaded Feature Drift Compensation.,-1,,,,,,"Marco Cotogni,Fei Yang,Claudio Cusano,Andrew D. Bagdanov,Joost van de Weijer",
IJCV2025,,Parameter Efficient Fine-Tuning for Multi-modal Generative Vision Models with Möbius-Inspired Transformation.,-1,,,,,,"Haoran Duan,Shuai Shao,Bing Zhai,Tejal Shah,Jungong Han,Rajiv Ranjan",
IJCV2025,,Expressive Image Generation and Editing with Rich Text.,-1,,,,,,"Songwei Ge,Taesung Park,Jun-Yan Zhu,Jia-Bin Huang",
IJCV2025,,Multi-Source Domain Adaptation by Causal-Guided Adaptive Multimodal Diffusion Networks.,-1,,,,,,"Ziyun Cai,Yawen Huang,Tengfei Zhang,Yefeng Zheng,Dong Yue",
IJCV2025,,Multi-Text Guidance Is Important: Multi-Modality Image Fusion via Large Generative Vision-Language Model.,-1,,,,,,"Zeyu Wang,Libo Zhao,Jizheng Zhang,Rui Song,Haiyu Song,Jiana Meng,Shidong Wang",
IJCV2025,,Not All Pixels are Equal: Learning Pixel Hardness for Semantic Segmentation.,-1,,,,,,"Xin Xiao,Daiguo Zhou,Jiagao Hu,Yi Hu,Yongchao Xu",
IJCV2025,,Fusion for Visual-Infrared Person ReID in Real-World Surveillance Using Corrupted Multimodal Data.,-1,,,,,,"Arthur Josi,Mahdi Alehdaghi,Rafael M. O. Cruz,Eric Granger",
IJCV2025,,"A Solution to Co-occurrence Bias in Pedestrian Attribute Recognition: Theory, Algorithms, and Improvements.",-1,,,,,,"Yibo Zhou,Hai-Miao Hu,Jinzuo Yu,Haotian Wu,Shiliang Pu,Hanzi Wang",
IJCV2025,,Learning to Generalize Heterogeneous Representation for Cross-Modality Image Synthesis via Multiple Domain Interventions.,-1,,,,,,"Yawen Huang,Huimin Huang,Hao Zheng,Yuexiang Li,Feng Zheng,Xiantong Zhen,Yefeng Zheng",
IJCV2025,,LR-ASD: Lightweight and Robust Network for Active Speaker Detection.,-1,,,,,,"Junhua Liao,Haihan Duan,Kanghui Feng,Wanbing Zhao,Yanbing Yang,Liangyin Chen,Yanru Chen",
IJCV2025,,PointSea: Point Cloud Completion via Self-structure Augmentation.,-1,,,,,,"Zhe Zhu,Honghua Chen,Xing He,Mingqiang Wei",
IJCV2025,,Fully Decoupled End-to-End Person Search: An Approach without Conflicting Objectives.,-1,,,,,,"Pengcheng Zhang,Xiaohan Yu,Xiao Bai,Jin Zheng,Xin Ning,Edwin R. Hancock",
IJCV2025,,CT3D++: Improving 3D Object Detection with Keypoint-Induced Channel-wise Transformer.,-1,,,,,,"Hualian Sheng,Sijia Cai,Na Zhao,Bing Deng,Qiao Liang,Min-Jian Zhao,Jieping Ye",
IJCV2025,,Preconditioned Score-Based Generative Models.,-1,,,,,,"Hengyuan Ma,Xiatian Zhu,Jianfeng Feng,Li Zhang",
IJCV2025,,FlowSDF: Flow Matching for Medical Image Segmentation Using Distance Transforms.,-1,,,,,,"Lea Bogensperger,Dominik Narnhofer,Alexander Falk,Konrad Schindler,Thomas Pock",
IJCV2025,,Camouflaged Object Detection with Adaptive Partition and Background Retrieval.,-1,,,,,,"Bowen Yin,Xuying Zhang,Li Liu,Ming-Ming Cheng,Yongxiang Liu,Qibin Hou",
IJCV2025,,LaneCorrect: Self-Supervised Lane Detection.,-1,,,,,,"Ming Nie,Xinyue Cai,Hang Xu,Li Zhang",
IJCV2025,,ScenarioDiff: Text-to-video Generation with Dynamic Transformations of Scene Conditions.,-1,,,,,,"Yipeng Zhang,Xin Wang,Hong Chen,Chenyang Qin,Yibo Hao,Hong Mei,Wenwu Zhu",
IJCV2025,,Pre-training for Action Recognition with Automatically Generated Fractal Datasets.,-1,,,,,,"Davyd Svyezhentsev,George Retsinas,Petros Maragos",
IJCV2025,,$\hbox {I}^2$MD: 3D Action Representation Learning with Inter- and Intra-Modal Mutual Distillation.,-1,,,,,,"Yunyao Mao,Jiajun Deng,Wengang Zhou,Zhenbo Lu,Wanli Ouyang,Houqiang Li",
IJCV2025,,Guest Editorial: Special Issue on Large-Scale Generative Models for Content Creation and Manipulation.,-1,,,,,,"Shengfeng He,Lin Gao,Hongbo Fu,Varun Jampani,Lu Jiang,Ming-Hsuan Yang",
IJCV2025,,Guest Editorial: Special Issue on Biometrics Security and Privacy.,-1,,,,,,"Jun Wan,Arun Ross,Sergio Escalera",
IJCV2025,,Correction: SplitNet: Learnable Clean-Noisy Label Splitting for Learning with Noisy Labels.,-1,,,,,,"Daehwan Kim,Kwangrok Ryoo,Hansang Cho,Seungryong Kim",
IJCV2025,,Correction: Generalized Robot Vision-Language Model via Linguistic Foreground-Aware Contrast.,-1,,,,,,"Kangcheng Liu,Chaoqun Wang,Xiaodong Han,Yong-Jin Liu,Baoquan Chen",
IJCV2025,,"A Survey of Representation Learning, Optimization Strategies, and Applications for Omnidirectional Vision.",-1,,,,,,"Hao Ai,Zidong Cao,Lin Wang",
IJCV2025,,A Closer Look at Benchmarking Self-supervised Pre-training with Image Classification.,-1,,,,,,"Markus Marks,Manuel Knott,Neehar Kondapaneni,Elijah Cole,Thijs Defraeye,Fernando Pérez-Cruz,Pietro Perona",
IJCV2025,,Advances in 3D Neural Stylization: A Survey.,-1,,,,,,"Yingshu Chen,Guocheng Shao,Ka-Chun Shum,Binh-Son Hua,Sai-Kit Yeung",
IJCV2025,,Animal-CLIP: A Dual-Prompt Enhanced Vision-Language Model for Animal Action Recognition.,-1,,,,,,"Yinuo Jing,Kongming Liang,Ruxu Zhang,Hao Sun,Yongxiang Li,Zhongjiang He,Zhanyu Ma",
IJCV2025,,Diffusion-Enhanced Test-Time Adaptation with Text and Image Augmentation.,-1,,,,,,"Chun-Mei Feng,Yuanyang He,Jian Zou,Salman H. Khan,Huan Xiong,Zhen Li,Wangmeng Zuo,Rick Siow Mong Goh,Yong Liu",
IJCV2025,,NU-AIR: A Neuromorphic Urban Aerial Dataset for Detection and Localization of Pedestrians and Vehicles.,-1,,,,,,"Craig Iaboni,Thomas Kelly,Pramod Abichandani",
IJCV2025,,Free Lunch to Meet the Gap: Intermediate Domain Reconstruction for Cross-Domain Few-Shot Learning.,-1,,,,,,"Tong Zhang,Yifan Zhao,Liangyu Wang,Jia Li",
IJCV2025,,Segment Anything in 3D with Radiance Fields.,-1,,,,,,"Jiazhong Cen,Jiemin Fang,Zanwei Zhou,Chen Yang,Lingxi Xie,Xiaopeng Zhang,Wei Shen,Qi Tian",
IJCV2025,,SimZSL: Zero-Shot Learning Beyond a Pre-defined Semantic Embedding Space.,-1,,,,,,"Mina Ghadimi Atigh,Stephanie Nargang,Martin Keller-Ressel,Pascal Mettes",
IJCV2025,,AvatarStudio: High-Fidelity and Animatable 3D Avatar Creation from Text.,-1,,,,,,"Xuanmeng Zhang,Jianfeng Zhang,Chenxu Zhang,Jun Hao Liew,Huichao Zhang,Yi Yang,Jiashi Feng",
IJCV2025,,Creatively Upscaling Images with Global-Regional Priors.,-1,,,,,,"Yurui Qian,Qi Cai,Yingwei Pan,Ting Yao,Tao Mei",
IJCV2025,,A Fast and Lightweight 3D Keypoint Detector.,-1,,,,,,"Chengzhuan Yang,Qian Yu,Hui Wei,Fei Wu,Yunliang Jiang,Zhonglong Zheng,Ming-Hsuan Yang",
IJCV2025,,D3T: Dual-Domain Diffusion Transformer in Triplanar Latent Space for 3D Incomplete-View CT Reconstruction.,-1,,,,,,"Xuhui Liu,Hong Li,Zhi Qiao,Yawen Huang,Xi Liu,Juan Zhang,Zhen Qian,Xiantong Zhen,Baochang Zhang",
IJCV2025,,C2RF: Bridging Multi-modal Image Registration and Fusion via Commonality Mining and Contrastive Learning.,-1,,,,,,"Linfeng Tang,Qinglong Yan,Xinyu Xiang,Leyuan Fang,Jiayi Ma",
IJCV2025,,SwinTextSpotter v2: Towards Better Synergy for Scene Text Spotting.,-1,,,,,,"Mingxin Huang,Dezhi Peng,Hongliang Li,Zhenghao Peng,Chongyu Liu,Dahua Lin,Yuliang Liu,Xiang Bai,Lianwen Jin",
IJCV2025,,Effectively Leveraging CLIP for Generating Situational Summaries of Images and Videos.,-1,,,,,,"Dhruv Verma,Debaditya Roy,Basura Fernando",
IJCV2025,,P2P: Part-to-Part Motion Cues Guide a Strong Tracking Framework for LiDAR Point Clouds.,-1,,,,,,"Jiahao Nie,Fei Xie,Sifan Zhou,Xueyi Zhou,Dong-Kyu Chae,Zhiwei He",
IJCV2025,,DocScanner: Robust Document Image Rectification with Progressive Learning.,-1,,,,,,"Hao Feng,Wengang Zhou,Jiajun Deng,Qi Tian,Houqiang Li",
IJCV2025,,A2 M2-Net: Adaptively Aligned Multi-scale Moment for Few-Shot Action Recognition.,-1,,,,,,"Zilin Gao,Qilong Wang,Bingbing Zhang,Qinghua Hu,Peihua Li",
IJCV2025,,HiLM-D: Enhancing MLLMs with Multi-scale High-Resolution Details for Autonomous Driving.,-1,,,,,,"Xinpeng Ding,Jianhua Han,Hang Xu,Wei Zhang,Xiaomeng Li",
IJCV2025,,Data-Adaptive Weight-Ensembling for Multi-task Model Fusion.,-1,,,,,,"Anke Tang,Li Shen,Yong Luo,Shiwei Liu,Han Hu,Bo Du,Dacheng Tao",
IJCV2025,,Paragraph-to-Image Generation with Information-Enriched Diffusion Model.,-1,,,,,,"Weijia Wu,Zhuang Li,Yefei He,Mike Zheng Shou,Chunhua Shen,Lele Cheng,Yan Li,Tingting Gao,Di Zhang",
IJCV2025,,Image Captions are Natural Prompts for Training Data Synthesis.,-1,,,,,,"Shiye Lei,Hao Chen,Sen Zhang,Bo Zhao,Dacheng Tao",
IJCV2025,,An Information Theory-Inspired Strategy for Automated Network Pruning.,-1,,,,,,"Xiawu Zheng,Yuexiao Ma,Teng Xi,Gang Zhang,Errui Ding,Yuchao Li,Jie Chen,Yonghong Tian,Rongrong Ji",
IJCV2025,,RGB-D Visual Perception for Occluded Scenes via Event Camera.,-1,,,,,,"Si-Qi Li,Zongze Wu,Yipeng Li,Zhou Xue,Yu-Shen Liu,Yue Gao",
IJCV2025,,Autoregressive Temporal Modeling for Advanced Tracking-by-Diffusion.,-1,,,,,,"Pha A. Nguyen,Rishi Madhok,Bhiksha Raj,Khoa Luu",
IJCV2025,,ADEM-VL: Adaptive and Embedded Fusion for Efficient Vision-Language Tuning.,-1,,,,,,"Zhiwei Hao,Jianyuan Guo,Li Shen,Yong Luo,Han Hu,Yonggang Wen",
IJCV2025,,P2Object: Single Point Supervised Object Detection and Instance Segmentation.,-1,,,,,,"Pengfei Chen,Xuehui Yu,Xumeng Han,Kuiran Wang,Guorong Li,Lingxi Xie,Zhenjun Han,Jianbin Jiao",
IJCV2025,,CLIMS++: Cross Language Image Matching with Automatic Context Discovery for Weakly Supervised Semantic Segmentation.,-1,,,,,,"Jinheng Xie,Songhe Deng,Xianxu Hou,Zhaochuan Luo,Linlin Shen,Yawen Huang,Yefeng Zheng,Mike Zheng Shou",
IJCV2025,,"IPAD: Iterative, Parallel, and Diffusion-Based Network for Scene Text Recognition.",-1,,,,,,"Xiaomeng Yang,Zhi Qiao,Yu Zhou",
IJCV2025,,Few-Shot Referring Video Single- and Multi-Object Segmentation Via Cross-Modal Affinity with Instance Sequence Matching.,-1,,,,,,"Heng Liu,Guanghui Li,Mingqi Gao,Xiantong Zhen,Feng Zheng,Yang Wang",
IJCV2025,,Interaction Confidence Attention for Human-Object Interaction Detection.,-1,,,,,,"Hongbo Zhang,Wang-Kai Lin,Hang Su,Qing Lei,Jing-Hua Liu,Ji-Xiang Du",
IJCV2025,,Local Concept Embeddings for Analysis of Concept Distributions in Vision DNN Feature Spaces.,-1,,,,,,"Georgii Mikriukov,Gesina Schwalbe,Korinna Bade",
IJCV2025,,BackdoorBench: A Comprehensive Benchmark and Analysis of Backdoor Learning.,-1,,,,,,"Baoyuan Wu,Hongrui Chen,Mingda Zhang,Zihao Zhu,Shaokui Wei,Danni Yuan,Mingli Zhu,Ruotong Wang,Li Liu,Chao Shen",
IJCV2025,,High-Fidelity Image Inpainting with Multimodal Guided GAN Inversion.,-1,,,,,,"Libo Zhang,Yongsheng Yu,Jiali Yao,Heng Fan",
IJCV2025,,Bamboo: Building Mega-Scale Vision Dataset Continually with Human-Machine Synergy.,-1,,,,,,"Yuanhan Zhang,Qinghong Sun,Yichun Zhou,Zexin He,Zhenfei Yin,Kun Wang,Lu Sheng,Yu Qiao,Jing Shao,Ziwei Liu",
IJCV2025,,Supplementary Prompt Learning for Vision-Language Models.,-1,,,,,,"Rongfei Zeng,Zhipeng Yang,Ruiyun Yu,Yonggang Zhang",
IJCV2025,,Generalized Relative Pose and Scale from Affine Correspondences.,-1,,,,,,"Wanting Xu,Xinyue Zhang,Marc Pollefeys,Daniel Barath,Laurent Kneip",
IJCV2025,,Simplified Concrete Dropout - Improving the Generation of Attribution Masks for Fine-grained Classification.,-1,,,,,,"Dimitri Korsch,Maha Shadaydeh,Joachim Denzler",
IJCV2025,,Correction: Consistent Prompt Tuning for Generalized Category Discovery.,-1,,,,,,"Muli Yang,Jie Yin,Yanan Gu,Cheng Deng,Hanwang Zhang,Hongyuan Zhu",
IJCV2025,,A Norm Regularization Training Strategy for Robust Image Quality Assessment Models.,-1,,,,,,"Yujia Liu,Chenxi Yang,Dingquan Li,Tingting Jiang,Tiejun Huang",
IJCV2025,,Exploring Bidirectional Bounds for Minimax-Training of Energy-Based Models.,-1,,,,,,"Cong Geng,Jia Wang,Li Chen,Zhiyong Gao,Jes Frellsen,Søren Hauberg",
IJCV2025,,Defending Against Adversarial Examples Via Modeling Adversarial Noise.,-1,,,,,,"Dawei Zhou,Nannan Wang,Bo Han,Tongliang Liu,Xinbo Gao",
IJCV2025,,HumanLiff: Layer-wise 3D Human Diffusion Model.,-1,,,,,,"Shoukang Hu,Fangzhou Hong,Tao Hu,Liang Pan,Haiyi Mei,Weiye Xiao,Lei Yang,Ziwei Liu",
IJCV2025,,Generalized Closed-Form Formulae for Feature-Based Subpixel Alignment in Patch-Based Matching.,-1,,,,,,"Laurent Valentin Jospin,Hamid Laga,Farid Boussaïd,Mohammed Bennamoun",
IJCV2025,,Learning to Deblur Polarized Images.,-1,,,,,,"Chu Zhou,Minggui Teng,Xinyu Zhou,Chao Xu,Imari Sato,Boxin Shi",
IJCV2025,,Semantic-Aligned Learning with Collaborative Refinement for Unsupervised VI-ReID.,-1,,,,,,"De Cheng,Lingfeng He,Nannan Wang,Dingwen Zhang,Xinbo Gao",
IJCV2025,,Spatial-Temporal Transformer for Single RGB-D Camera Synchronous Tracking and Reconstruction of Non-rigid Dynamic Objects.,-1,,,,,,"Xiaofei Liu,Zhengkun Yi,Xin-Yu Wu,Wanfeng Shang",
IJCV2025,,A Generalized Contour Vibration Model for Building Extraction.,-1,,,,,,"Chunyan Xu,Shuaizhen Yao,Ziqiang Xu,Zhen Cui,Jian Yang",
IJCV2025,,RigNet++: Semantic Assisted Repetitive Image Guided Network for Depth Completion.,-1,,,,,,"Zhiqiang Yan,Xiang Li,Le Hui,Zhenyu Zhang,Jun Li,Jian Yang",
IJCV2025,,MIM4D: Masked Modeling with Multi-View Video for Autonomous Driving Representation Learning.,-1,,,,,,"Jialv Zou,Bencheng Liao,Qian Zhang,Wenyu Liu,Xinggang Wang",
IJCV2025,,Modeling Scattering Effect for Under-Display Camera Image Restoration.,-1,,,,,,"Binbin Song,Jiantao Zhou,Xiangyu Chen,Shuning Xu",
IJCV2025,,PointOBB-v3: Expanding Performance Boundaries of Single Point-Supervised Oriented Object Detection.,-1,,,,,,"Peiyuan Zhang,Junwei Luo,Xue Yang,Yi Yu,Qingyun Li,Yue Zhou,Xiaosong Jia,Xudong Lu,Jingdong Chen,Xiang Li,Junchi Yan,Yansheng Li",
IJCV2025,,Lightweight Structure-Aware Attention for Visual Understanding.,-1,,,,,,"Heeseung Kwon,Francisco M. Castro,Manuel J. Marín-Jiménez,Nicolás Guil,Karteek Alahari",
IJCV2025,,"Rethinking Open-Set Object Detection: Issues, A New Formulation, and Taxonomy.",-1,,,,,,"Yusuke Hosoya,Masanori Suganuma,Takayuki Okatani",
IJCV2025,,AutoViT: Achieving Real-Time Vision Transformers on Mobile via Latency-aware Coarse-to-Fine Search.,-1,,,,,,"Zhenglun Kong,Dongkuan Xu,Zhengang Li,Peiyan Dong,Hao Tang,Yanzhi Wang,Subhabrata Mukherjee",
IJCV2025,,Optimal Transport with Arbitrary Prior for Dynamic Resolution Network.,-1,,,,,,"Zhizhong Zhang,Shujun Li,Chenyang Zhang,Lizhuang Ma,Xin Tan,Yuan Xie",
IJCV2025,,Img2Tab: Automatic Class Relevant Concept Discovery from StyleGAN Features for Explainable Image Classification.,-1,,,,,,"Youngjae Song,Sung Kuk Shyn,Kwangsu Kim",
IJCV2025,,Self-Supervised Learning for Text Recognition: A Critical Survey.,-1,,,,,,"Carlos Peñarrubia,Jose J. Valero-Mas,Jorge Calvo-Zaragoza",
IJCV2025,,"About Time: Advances, Challenges, and Outlooks of Action Understanding.",-1,,,,,,"Alexandros Stergiou,Ronald Poppe",
IJCV2025,,Thread Counting in Plain Weave for Old Paintings Using Regression Deep Learning Models.,-1,,,,,,"Antonio Delgado,Juan José Murillo-Fuentes,Laura Alba-Carcelén",
IJCV2025,,DogRecon: Canine Prior-Guided Animatable 3D Gaussian Dog Reconstruction From A Single Image.,-1,,,,,,"Gyeongsu Cho,Changwoo Kang,Donghyeon Soon,Kyungdon Joo",
IJCV2025,,Skim then Focus: Integrating Contextual and Fine-grained Views for Repetitive Action Counting.,-1,,,,,,"Zhengqi Zhao,Xiaohu Huang,Hao Zhou,Kun Yao,Errui Ding,Jingdong Wang,Xinggang Wang,Wenyu Liu,Bin Feng",
IJCV2025,,Real-Time Neural Radiance Talking Portrait Synthesis via Audio-Spatial Decomposition.,-1,,,,,,"Jiaxiang Tang,Kaisiyuan Wang,Hang Zhou,Xiaokang Chen,Dongliang He,Tianshu Hu,Jingtuo Liu,Ziwei Liu,Gang Zeng,Jingdong Wang",
IJCV2025,,A Physics-Informed Deep Learning Deformable Medical Image Registration Method Based on Neural ODEs.,-1,,,,,,"Amirhossein Amiri-Hezaveh,Shelly Tan,Qing Deng,David M. Umulis,Lauren Cunniff,Johannes Weickenmeier,Adrian Buganza Tepole",
IJCV2025,,RML++: Regroup Median Loss for Combating Label Noise.,-1,,,,,,"Fengpeng Li,Kemou Li,Qizhou Wang,Bo Han,Jinyu Tian,Jiantao Zhou",
IJCV2025,,Fast Sampling Through The Reuse Of Attention Maps In Diffusion Models.,-1,,,,,,"Rosco Hunter,Lukasz Dudziak,Mohamed S. Abdelfattah,Abhinav Mehrotra,Sourav Bhattacharya,Hongkai Wen",
IJCV2025,,EventEgo3D++: 3D Human Motion Capture from A Head-Mounted Event Camera.,-1,,,,,,"Christen Millerdurai,Hiroyasu Akada,Jian Wang,Diogo C. Luvizon,Alain Pagani,Didier Stricker,Christian Theobalt,Vladislav Golyanik",
IJCV2025,,StimuVAR: Spatiotemporal Stimuli-Aware Video Affective Reasoning with Multimodal Large Language Models.,-1,,,,,,"Yuxiang Guo,Faizan Siddiqui,Yang Zhao,Rama Chellappa,Shao-Yuan Lo",
IJCV2025,,E3DGE: Self-Supervised Geometry-Aware Encoder for Style-Based 3D GAN Inversion.,-1,,,,,,"Yushi Lan,Xuyi Meng,Shuai Yang,Chen Change Loy,Bo Dai",
IJCV2025,,Ricci Curvature Tensor-Based Volumetric Segmentation.,-1,,,,,,"Jisui Huang,Ke Chen,Andreas Alpers,Na Lei",
IJCV2025,,Multi-modal Prompt Alignment with Fine-grained LLM Knowledge for Unsupervised Domain Adaptation.,-1,,,,,,"Bowei Xing,Xianghua Ying,Ruibin Wang,Ruohao Guo",
IJCV2025,,Implicit Diffusion Models for Continuous Super-Resolution.,-1,,,,,,"Xuhui Liu,Sicheng Gao,Bohan Zeng,Luping Zhang,Tian Wang,Jianzhuang Liu,Baochang Zhang",
IJCV2025,,Weakly Supervised Salient Object Detection With Oversize Bounding Box.,-1,,,,,,"Zhihao Wu,Yong Xu,Jian Yang,David Zhang",
IJCV2025,,BaboonLand Dataset: Tracking Primates in the Wild and Automating Behaviour Recognition from Drone Videos.,-1,,,,,,"Isla Duporge,Maksim Kholiavchenko,Roi Harel,Scott Wolf,Daniel I. Rubenstein,Margaret C. Crofoot,Tanya Y. Berger-Wolf,Stephen J. Lee,Julie Barreau,Jenna Kline,Michelle Ramirez,Charles V. Stewart",
IJCV2025,,Unaligned RGB Guided Hyperspectral Image Super-Resolution with Spatial-Spectral Concordance.,-1,,,,,,"Yingkai Zhang,Zeqiang Lai,Tao Zhang,Ying Fu,Chenghu Zhou",
IJCV2025,,OCCO: LVM-Guided Infrared and Visible Image Fusion Framework Based on Object-Aware and Contextual Contrastive Learning.,-1,,,,,,"Hui Li,Congcong Bian,Zeyang Zhang,Xiaoning Song,Xi Li,Xiaojun Wu",
IJCV2025,,Editor's Note: Special Issue on DAGM GCPR 2023.,-1,,,,,,,
IJCV2025,,Correction: Parameter Efficient Fine-Tuning for Multi-modal Generative Vision Models with Möbius-Inspired Transformation.,-1,,,,,,"Haoran Duan,Shuai Shao,Bing Zhai,Tejal Shah,Jungong Han,Rajiv Ranjan",
IJCV2025,,Correction: Investigating Self-Supervised Methods for Label-Efficient Learning.,-1,,,,,,"Srinivasa Rao Nandam,Sara Atito,Zhenhua Feng,Josef Kittler,Muhammad Awais",
IJCV2025,,Vision Generalist Model: A Survey.,-1,,,,,,"Ziyi Wang,Yongming Rao,Shuofeng Sun,Xinrun Liu,Yi Wei,Xumin Yu,Zuyan Liu,Yanbo Wang,Hongmin Liu,Jie Zhou,Jiwen Lu",
IJCV2025,,From Forest to Zoo: Great Ape Behavior Recognition with ChimpBehave.,-1,,,,,,"Michael Fuchs,Emilie Genty,Adrian Bangerter,Klaus Zuberbühler,Jean-Marc Odobez,Paul Cotofrei",
IJCV2025,,Exploiting Lightweight Hierarchical ViT and Dynamic Framework for Efficient Visual Tracking.,-1,,,,,,"Ben Kang,Xin Chen,Jie Zhao,Chunjuan Bo,Dong Wang,Huchuan Lu",
IJCV2025,,Implementation and Validation of Distributed Bundle Adjustment for Super Large Scale Datasets.,-1,,,,,,"Maoteng Zheng,Nengcheng Chen,Junfeng Zhu,Xiaoru Zeng,Huanbin Qiu,Yuyao Jiang,Xingyue Lu,Hao Qu",
IJCV2025,,An Empirical Study on Training Paradigms for Deep Supervised Hashing.,-1,,,,,,"Yang Shen,Peng Wang,Xiu-Shen Wei,Yazhou Yao",
IJCV2025,,Robust Object Detection with Domain-Invariant Training and Continual Test-Time Adaptation.,-1,,,,,,"Qi Fan,Mattia Segù,Bernt Schiele,Dengxin Dai,Yu-Wing Tai,Chi-Keung Tang",
IJCV2025,,TokenPacker: Efficient Visual Projector for Multimodal LLM.,-1,,,,,,"Wentong Li,Yuqian Yuan,Jian Liu,Dongqi Tang,Song Wang,Jie Qin,Jianke Zhu,Lei Zhang",
IJCV2025,,Generic Scene Graph Generation Model with Hierarchical Prompt Learning.,-1,,,,,,"Xuhan Zhu,Yifei Xing,Ruiping Wang,Yaowei Wang,Xiangyuan Lan",
IJCV2025,,A Comprehensive Review of Few-Shot Action Recognition.,-1,,,,,,"Yuyang Wanyan,Xiaoshan Yang,Weiming Dong,Changsheng Xu",
IJCV2025,,A Likelihood Ratio-Based Approach to Segmenting Unknown Objects.,-1,,,,,,"Nazir Nayal,Youssef Shoeb,Fatma Güney",
IJCV2025,,Learning Extensible Series-Parallel Lookup Tables for Efficient Image Super-Resolution.,-1,,,,,,"Jingyi Zhang,Ziwei Wang,Cheng Ma,Jie Zhou,Jiwen Lu",
IJCV2025,,Semantic Masking with Curriculum Learning for Robust HDR Image Reconstruction.,-1,,,,,,"Zhangkai Ni,Yang Zhang,Kerui Ren,Wenhan Yang,Hanli Wang,Sam Kwong",
IJCV2025,,Guiding Audio-Visual Question Answering with Collective Question Reasoning.,-1,,,,,,"Baoqi Pei,Yifei Huang,Guo Chen,Jilan Xu,Yali Wang,Limin Wang,Tong Lu,Yu Qiao,Fei Wu",
IJCV2025,,CAT-TPT: Class-Agnostic Text-based Test-time Prompt Tuning for Vision-Language Models.,-1,,,,,,"Youjia Zhang,Huiling Liu,Youngeun Kim,Sungeun Hong",
IJCV2025,,Reblurring-Guided Single Image Defocus Deblurring: A Learning Framework with Misaligned Training Pairs.,-1,,,,,,"Dongwei Ren,Xinya Shu,Yu Li,Xiaohe Wu,Jin Li,Wangmeng Zuo",
IJCV2025,,Multi-Scale Texture Fusion for Reference-Based Image Super-Resolution: New Dataset and Solution.,-1,,,,,,"Hongyang Zhou,Xiaobin Zhu,Jingyan Qin,Yu Xu,Roberto M. Cesar Jr.,Xu-Cheng Yin",
IJCV2025,,RealDTT: Towards A Comprehensive Real-World Dataset for Tampered Text Detection.,-1,,,,,,"Junxian Duan,Hao Sun,Fan Ji,Kai Zhou,Zhiyong Wang,Huaibo Huang,Lianwen Jin",
IJCV2025,,DomainStudio: Fine-Tuning Diffusion Models for Domain-Driven Image Generation Using Limited Data.,-1,,,,,,"Jingyuan Zhu,Huimin Ma,Jiansheng Chen,Jian Yuan",
IJCV2025,,DreamArtist: Controllable One-Shot Text-to-Image Generation via Positive-Negative Adapter.,-1,,,,,,"Ziyi Dong,Pengxu Wei,Liang Lin",
IJCV2025,,Zero-Shot Paragraph-level Handwriting Imitation with Latent Diffusion Models.,-1,,,,,,"Martin Mayr,Marcel Dreier,Florian Kordon,Mathias Seuret,Jochen Zöllner,Fei Wu,Andreas Maier,Vincent Christlein",
IJCV2025,,Bayes-CAL: Robust Cross-Modal Alignment by Bayesian Approach for Few-Shot OoD Generalization.,-1,,,,,,"Lin Zhu,Weihan Yin,Fan Wu,Qinying Gu,Xinbing Wang,Chenghu Zhou,Nanyang Ye",
IJCV2025,,A Causal Intervention Method for Domain Generalization with a Self-Supervised Auxiliary Task.,-1,,,,,,"Qinkang Gong,Yan Pan,Hanjiang Lai,Jian Yin",
IJCV2025,,Insect-Foundation: A Foundation Model and Large Multimodal Dataset for Vision-Language Insect Understanding.,-1,,,,,,"Thanh-Dat Truong,Hoang-Quan Nguyen,Xuan-Bac Nguyen,Ashley Dowling,Xin Li,Khoa Luu",
IJCV2025,,Masked Image Modeling: A Survey.,-1,,,,,,"Vlad Hondru,Florinel-Alin Croitoru,Shervin Minaee,Radu Tudor Ionescu,Nicu Sebe",
IJCV2025,,Mamba Capsule Routing Towards Part-Whole Relational Camouflaged Object Detection.,-1,,,,,,"Dingwen Zhang,Liangbo Cheng,Yi Liu,Xinggang Wang,Junwei Han",
IJCV2025,,CEDFlow++: Latent Contour Enhancement for Dark Optical Flow Estimation.,-1,,,,,,"Fengyuan Zuo,Haiyan Jin,Zhaolin Xiao,Haonan Su,Meng Zhang",
IJCV2025,,Active Stereo in the Wild through Virtual Pattern Projection.,-1,,,,,,"Luca Bartolomei,Matteo Poggi,Fabio Tosi,Andrea Conti,Stefano Mattoccia",
IJCV2025,,Six-Point Method for Multi-Camera Systems with Reduced Solution Space.,-1,,,,,,"Banglei Guan,Ji Zhao,Saibal Mitra,Laurent Kneip",
IJCV2025,,Towards Balanced Representation Learning with Semantic Anchor Regularization.,-1,,,,,,"Chengjie Wang,Qiang Nie,Ying Chen,Jialin Li,Yong Liu,Xi Jiang,Yanqi Ge,Yunsheng Wu,Feng Zheng,Lizhuang Ma",
IJCV2025,,Learning Latent Part-Whole Hierarchies for Point Clouds.,-1,,,,,,"Xiang Gao,Wei Hu,Renjie Liao",
IJCV2025,,High-Rate Monocular Depth Estimation via Cross Frame-Rate Collaboration of Frames and Events.,-1,,,,,,"Xu Liu,Xiaopeng Fan,Jianing Li,Dianze Li,Wei Zhang,Zhengyu Ma,Yonghong Tian",
IJCV2025,,FineBio: A Fine-Grained Video Dataset of Biological Experiments with Hierarchical Annotation.,-1,,,,,,"Takuma Yagi,Misaki Ohashi,Yifei Huang,Ryosuke Furuta,Shungo Adachi,Toutai Mitsuyama,Yoichi Sato",
IJCV2025,,A Comprehensive Survey of Data Augmentation in Visual Reinforcement Learning.,-1,,,,,,"Guozheng Ma,Zhen Wang,Zhecheng Yuan,Xueqian Wang,Bo Yuan,Dacheng Tao",
IJCV2025,,On Efficient Variants of Segment Anything Model: A Survey.,-1,,,,,,"Xiaorui Sun,Jun Liu,Hengtao Shen,Xiaofeng Zhu,Ping Hu",
IJCV2025,,FovEx: Human-Inspired Explanations for Vision Transformers and Convolutional Neural Networks.,-1,,,,,,"Mahadev Prasad Panda,Matteo Tiezzi,Martina G. Vilas,Gemma Roig,Bjoern M. Eskofier,Dario Zanca",
IJCV2025,,Segment Anything in Context with Vision Foundation Models.,-1,,,,,,"Yang Liu,Muzhi Zhu,Hao Chen,Xinlong Wang,Bo Feng,Hao Wang,Shiyu Li,Raviteja Vemulapalli,Chunhua Shen",
IJCV2025,,"RINDNet++: Edge Detection for Discontinuity in Reflectance, Illumination, Normal, and Depth.",-1,,,,,,"Mengyang Pu,Yaping Huang,Qingji Guan,Zhihao Liu,Haibin Ling",
IJCV2025,,Correction: Local Concept Embeddings for Analysis of Concept Distributions in Vision DNN Feature Spaces.,-1,,,,,,"Georgii Mikriukov,Gesina Schwalbe,Korinna Bade",
IJCV2025,,Correction: A Generalized Contour Vibration Model for Building Extraction.,-1,,,,,,"Chunyan Xu,Shuaizhen Yao,Ziqiang Xu,Zhen Cui,Jian Yang",
IJCV2025,,Correction: BaboonLand Dataset: Tracking Primates in the Wild and Automating Behaviour Recognition from Drone Videos.,-1,,,,,,"Isla Duporge,Maksim Kholiavchenko,Roi Harel,Scott Wolf,Daniel I. Rubenstein,Margaret C. Crofoot,Tanya Y. Berger-Wolf,Stephen J. Lee,Julie Barreau,Jenna Kline,Michelle Ramirez,Charles V. Stewart",
IJCV2025,,Hyperspectral and Multispectral Image Fusion with Arbitrary Resolution Through Self-Supervised Representations.,-1,,,,,,"Ting Wang,Zipei Yan,Jizhou Li,Xile Zhao,Chao Wang,Michael Ng",
IJCV2025,,Enhancing HDR Imaging with Joint Denoising and Deblurring.,-1,,,,,,"Qiang Wen,Zhefan Rao,Chenyang Lei,Wenxiu Sun,Qiong Yan,Jing Li,Fei Lei,Qifeng Chen",
IJCV2025,,DM-PCL: Text-Driven Dual-Modal Prototype Consistency Learning for Weakly-Supervised Few-Shot Part Segmentation.,-1,,,,,,"Mengya Han,Yong Luo,Han Hu,Zengmao Wang,Lefei Zhang,Bo Du,Ling-Yu Duan,Dacheng Tao",
IJCV2025,,Learning Refractive-Diffractive Optics with Unidirectional Transformer for Large Field-of-View Imaging.,-1,,,,,,"Xiangtian Ma,Lizhi Wang,Xin Wang,Weitao Song,Qilin Sun,Lin Zhu,Hua Huang",
IJCV2025,,Beyond Image Prior: Embedding Noise Prior into Latent Space of Conditional Denoising Transformer.,-1,,,,,,"Yuanfei Huang,Hua Huang",
IJCV2025,,Feature Hallucination for Self-supervised Action Recognition.,-1,,,,,,"Lei Wang,Piotr Koniusz",
IJCV2025,,Positive-Augmented Contrastive Learning for Vision-and-Language Evaluation and Training.,-1,,,,,,"Sara Sarto,Nicholas Moratelli,Marcella Cornia,Lorenzo Baraldi,Rita Cucchiara",
IJCV2025,,Analysing Satellite Imagery Classification under Spatial Domain Shift across Geographic Regions.,-1,,,,,,"Sara A. Al-Emadi,Yin Yang,Ferda Ofli",
IJCV2025,,Sample-Aware RandAugment: Search-Free Automatic Data Augmentation for Effective Image Recognition.,-1,,,,,,"Anqi Xiao,Weichen Yu,Hongyuan Yu",
IJCV2025,,LvBench: A Benchmark for Long-form Video Understanding with Versatile Multi-modal Question Answering.,-1,,,,,,"Hongjie Zhang,Lu Dong,Yi Liu,Yifei Huang,Yali Wang,Limin Wang,Yu Qiao",
IJCV2025,,Clothing Purification with Causality Meets Vision-Language Pretraining Models.,-1,,,,,,"Zhengwei Yang,Huilin Zhu,Nan Lei,Basura Fernando,Zheng Wang",
conf,matched_queries,title,citation_count,abstract,categories,concepts,code_url,pdf_url,authors,doi
NATURE2025,,Glasses-free 3D display with ultrawide viewing range using deep learning.,-1,,,,,,"Weijie Ma,Zhangrui Zhao,Canyu Zhao,Wanli Ouyang,Han-Sen Zhong",
NATURE2025,,Fair human-centric image dataset for ethical AI benchmarking.,-1,,,,,,"Alice Xiang,Jerone T. A. Andrews,Rebecca Bourke,William Thong,Julienne LaChance,Tiffany Georgievski,Apostolos Modas,Aida Rahmattalabbi,Yunhao Ba,Shruti Nagpal,Orestis Papakyriakopoulos,Dora Zhao,Jinru Xue,Victoria Matthews,Linxia Gong,Austin Hoag,Mircea Cimpoi,Swami Sankaranarayanan,Wiebke Hutiri,Morgan Klaus Scheuerman,Albert S. Abedi,Peter Stone,Peter R. Wurman,Hiroaki Kitano,Michael Spranger",
NATURE2025,,Discovering state-of-the-art reinforcement learning algorithms.,-1,,,,,,"Junhyuk Oh,Gregory Farquhar,Iurii Kemaev,Dan A. Calian,Matteo Hessel,Luisa M. Zintgraf,Satinder Singh,Hado van Hasselt,David Silver",
IJCV2025,,Nonlocal Retinex-Based Variational Model and its Deep Unfolding Twin for Low-Light Image Enhancement.,-1,,,,,,"Daniel Torres,Joan Duran,Julia Navarro,Catalina Sbert",
IJCV2025,,Layered Semi-Second-Order Information Bottleneck and Auxiliary Domain Classification for Person Re-Identification.,-1,,,,,,"Anguo Zhang,Junyi Wu,Yueming Gao,Min Gao,Zhen Chen,Yongduan Song,Sio Hang Pun",
IJCV2025,,Are you Struggling? Dataset and Baselines for Struggle Determination in Assembly Videos.,-1,,,,,,"Shijia Feng,Michael Wray,Brian Sullivan,Youngkyoon Jang,Casimir J. H. Ludwig,Iain D. Gilchrist,Walterio W. Mayol-Cuevas",
IJCV2025,,Discriminatively Matched Part Tokens for Pointly Supervised Instance Segmentation.,-1,,,,,,"Zonghao Guo,Fang Wan,Mingxiang Liao,Yidan Zhang,Qixiang Ye",
IJCV2025,,Learning Compositionality from Multifaceted Synthetic Data for Language-based Object Detection.,-1,,,,,,"Kwanyong Park,Sojung An,Yong Jae Lee,Donghyun Kim",
IJCV2025,,Control Color: Multimodal Diffusion-Based Interactive Image Colorization.,-1,,,,,,"Zhexin Liang,Zhaochen Li,Shangchen Zhou,Chongyi Li,Chen Change Loy",
IJCV2025,,Monotonic and Invertible Network: A General Framework for Learning IQA Model from Mixed Datasets.,-1,,,,,,"Baoliang Chen,Kang Xiao,Xuelin Shen,Shiqi Wang",
IJCV2025,,ReCLIP++: Learn to Rectify the Bias of CLIP for Unsupervised Semantic Segmentation.,-1,,,,,,"Jingyun Wang,Guoliang Kang",
IJCV2025,,Multi-Prototype Hyperbolic Learning Guided by Class Hierarchy.,-1,,,,,,"Paul Berg,Léo Buecher,Björn Michele,Minh-Tan Pham,Laetitia Chapel,Nicolas Courty",
IJCV2025,,Mitigating Knowledge Discrepancies among Multiple Datasets for Task-agnostic Unified Face Alignment.,-1,,,,,,"Jiahao Xia,Min Xu,Wenjian Huang,Jianguo Zhang,Haimin Zhang,Chunxia Xiao",
IJCV2025,,VLPrompt-PSG: Vision-Language Prompting for Panoptic Scene Graph Generation.,-1,,,,,,"Zijian Zhou,Holger Caesar,Qijun Chen,Miaojing Shi",
IJCV2025,,OA-DET3D: Embedding Object Awareness As A General Plug-in for Multi-Camera 3D Object Detection.,-1,,,,,,"Xiaomeng Chu,Jiajun Deng,Jianmin Ji,Yu Zhang,Houqiang Li,Yanyong Zhang",
IJCV2025,,What Do Visual Models Look At? Dilated Attention for Targeted Transferable Attacks.,-1,,,,,,"Zhipeng Wei,Jingjing Chen,Yu-Gang Jiang",
IJCV2025,,Compressing Vision Transformer from the View of Model Property in Frequency Domain.,-1,,,,,,"Zhenyu Wang,Xuemei Xie,Hao Luo,Tao Huang,Weisheng Dong,Kai Xiong,Yongxu Liu,Xuyang Li,Fan Wang,Guangming Shi",
IJCV2025,,Diffusion Models for Image Restoration and Enhancement: A Comprehensive Survey.,-1,,,,,,"Xin Li,Yulin Ren,Xin Jin,Cuiling Lan,Xingrui Wang,Wenjun Zeng,Xinchao Wang,Zhibo Chen",
IJCV2025,,Depth from Coupled Optical Differentiation.,-1,,,,,,"Junjie Luo,Yuxuan Liu,Emma Alexander,Qi Guo",
IJCV2025,,Flexible Camera Calibration using a Collimator System.,-1,,,,,,"Shunkun Liang,Banglei Guan,Zhenbao Yu,Dongcai Tan,Pengju Sun,Zibin Liu,Qifeng Yu,Yang Shang",
IJCV2025,,Visual Instruction Tuning towards General-Purpose Multimodal Large Language Model: A Survey.,-1,,,,,,"Jiaxing Huang,Jingyi Zhang,Kai Jiang,Han Qiu,Xiaoqin Zhang,Ling Shao,Shijian Lu,Dacheng Tao",
IJCV2025,,SMPL-IKS: A Mixed Analytical-Neural Inverse Kinematics Solver for 3D Human Mesh Recovery.,-1,,,,,,"Zijian Zhang,Muqing Wu,Honghao Qi,Tianyi Ma,Min Zhao",
IJCV2025,,Underwater Camera: Improving Visual Perception Via Adaptive Dark Pixel Prior and Color Correction.,-1,,,,,,"Jingchun Zhou,Qian Liu,Qiuping Jiang,Wenqi Ren,Kin-Man Lam,Weishi Zhang",
IJCV2025,,Bilevel Fast Scene Adaptation for Low-Light Image Enhancement.,-1,,,,,,"Long Ma,Dian Jin,Nan An,Jinyuan Liu,Xin Fan,Zhongxuan Luo,Risheng Liu",
IJCV2025,,Deep Unpaired Blind Image Super-Resolution Using Self-supervised Learning and Exemplar Distillation.,-1,,,,,,"Jiangxin Dong,Haoran Bai,Jinhui Tang,Jinshan Pan",
IJCV2025,,Collective Migration-Inspired Large-Deformation Compensation for Nonrigid Image Registration.,-1,,,,,,"Dingkun Liu,Danni Ai,Hong Song,Jingfan Fan,Tianyu Fu,Deqiang Xiao,Yuanyuan Wang,Yongtian Wang,Jian Yang",
IJCV2025,,DI-Retinex: Digital-Imaging Retinex Model for Low-Light Image Enhancement.,-1,,,,,,"Shangquan Sun,Wenqi Ren,Jingyang Peng,Fenglong Song,Xiaochun Cao",
IJCV2025,,Predictive Display for Teleoperation Based on Vector Fields Using Lidar-Camera Fusion.,-1,,,,,,"Gaurav Sharma,Jeff Calder,Rajesh Rajamani",
IJCV2025,,GenderBias-VL: Benchmarking Gender Bias in Vision Language Models via Counterfactual Probing.,-1,,,,,,"Yisong Xiao,Xianglong Liu,QianJia Cheng,Zhenfei Yin,Siyuan Liang,Jiapeng Li,Jing Shao,Aishan Liu,Dacheng Tao",
IJCV2025,,Ego-Exo4D: Understanding Skilled Human Activity from First- and Third-Person Perspectives.,-1,,,,,,"Kristen Grauman,Andrew Westbury,Lorenzo Torresani,Kris Kitani,Jitendra Malik,Triantafyllos Afouras,Kumar Ashutosh,Vijay Baiyya,Siddhant Bansal,Bikram Boote,Eugene Byrne,Zachary Chavis,Joya Chen,Feng Cheng,Fu-Jen Chu,Sean Crane,Avijit Dasgupta,Jing Dong,María Escobar,Cristhian Forigua,Abrham Gebreselasie,Sanjay Haresh,Jing Huang,Md Mohaiminul Islam,Suyog Dutt Jain,Rawal Khirodkar,Devansh Kukreja,Kevin J. Liang,Jia-Wei Liu,Sagnik Majumder,Yongsen Mao,Miguel Martin,Effrosyni Mavroudi,Tushar Nagarajan,Francesco Ragusa,Santhosh Kumar Ramakrishnan,Luigi Seminara,Arjun Somayazulu,Yale Song,Shan Su,Zihui Xue,Edward Zhang,Jinxu Zhang,Angela Castillo,Changan Chen,Xinzhu Fu,Ryosuke Furuta,Cristina González,Prince Gupta,Jiabo Hu,Yifei Huang,Yiming Huang,Weslie Khoo,Anush Kumar,Robert Kuo,Sach Lakhavani,Miao Liu,Mi Luo,Zhengyi Luo,Brighid Meredith,Austin Miller,Oluwatumininu Oguntola,Xiaqing Pan,Penny Peng,Shraman Pramanick,Merey Ramazanova,Fiona Ryan,Wei Shan,Kiran K. Somasundaram,Chenan Song,Audrey Southerland,Masatoshi Tateno,Huiyu Wang,Yuchen Wang,Takuma Yagi,Mingfei Yan,Xitong Yang,Zecheng Yu,Shengxin Cindy Zha,Chen Zhao,Ziwei Zhao,Zhifan Zhu,Jeff Zhuo,Pablo Arbeláez,Gedas Bertasius,David Crandall,Dima Damen,Jakob Julian Engel,Giovanni Maria Farinella,Antonino Furnari,Bernard Ghanem,Judy Hoffman,C. V. Jawahar,Richard A. Newcombe,Hyun Soo Park,James M. Rehg,Yoichi Sato,Manolis Savva,Jianbo Shi,Mike Zheng Shout,Michael Wray",
IJCV2025,,Improving Object Detection Models via LLM-Based Training Data Synthesis.,-1,,,,,,"Shi-Ran Ge,Jie Cao,Ran He",
IJCV2025,,EdgeSAM: Prompt-In-the-Loop Distillation for SAM.,-1,,,,,,"Chong Zhou,Xiangtai Li,Chen Change Loy,Bo Dai",
IJCV2025,,Modality Confusion Learning: A Versatile Framework for Visible-Infrared Re-identification.,-1,,,,,,"Yiyuan Zhang,Sanyuan Zhao,Mang Ye,Ruigang Yang,Jianbing Shen",
IJCV2025,,Curvature Learning for Generalization of Hyperbolic Neural Networks.,-1,,,,,,"Xiaomeng Fan,Yuwei Wu,Zhi Gao,Mehrtash Harandi,Yunde Jia",
IJCV2025,,Boosting Domain Generalization in Remote Sensing Image Segmentation via Style Mapping and General Prototypical Contrast.,-1,,,,,,"Yupei Wang,Xiaoxing Hu,Yongkang Hu,Zhuoran Sun,Shanghang Zhang,Liang Chen",
IJCV2025,,Parameterized Low-Rank Regularizer for High-dimensional Visual Data.,-1,,,,,,"Shuang Xu,Zixiang Zhao,Xiangyong Cao,Jiangjun Peng,Xi-Le Zhao,Deyu Meng,Yulun Zhang,Radu Timofte,Luc Van Gool",
IJCV2025,,TraDiffusion: Trajectory-Based Training-Free Image Generation.,-1,,,,,,"Mingrui Wu,Oucheng Huang,Jiayi Ji,Jianzhuang Liu,Xiaoshuai Sun,Liujuan Cao,Rongrong Ji",
IJCV2025,,Enhance Image-to-Point-Cloud Registration with Beltrami Flow.,-1,,,,,,"Pei An,You Yang,Jiaqi Yang,Muyao Peng,Qiong Liu,Liangliang Nan",
IJCV2025,,Language-guided Recursive Spatiotemporal Graph Modeling for Video Summarization.,-1,,,,,,"Jungin Park,Jiyoung Lee,Kwanghoon Sohn",
IJCV2025,,SMLNet: A SPD Manifold Learning Network for Infrared and Visible Image Fusion.,-1,,,,,,"Huan Kang,Hui Li,Tianyang Xu,Xiaojun Wu,Rui Wang,Chunyang Cheng,Josef Kittler",
IJCV2025,,Correction: FovEx: Human-Inspired Explanations for Vision Transformers and Convolutional Neural Networks.,-1,,,,,,"Mahadev Prasad Panda,Matteo Tiezzi,Martina G. Vilas,Gemma Roig,Bjoern M. Eskofier,Dario Zanca",
